Title,To node,Image,Topic,Date,DateMM,DateDD,DateYYYY,Author 1,Author 2,Author 3,Author O,Summary,Tag P,Tag A1,Tag A2,Tag A3,Tag AO,Count,Tag R1,Tag R2,Tag R3,Tag RO
Cartel Corridor: The Move to Central America,/news/cartel-corridor-move-central-america,NO,COMMENT,11302012,11,30,2012,Lee Catherine Booker,,,,,Produced for Digital,Lee Catherine Booker,,,,2,Americas,Central America,,
Whither Antidrug Policy?,/news/whither-antidrug-policy,NO,ESSAY,11282012,11,28,2012,Ania Calderón,Vanda Felbab-Brown,,,,Adapted from Print Issue,Ania Calderón,Vanda Felbab-Brown,,,3,Global Commons,,,
Demands of Supply,/news/demands-supply,NO,COMMENT,11272012,11,27,2012,Matthew Hockenberry,,,,,Adapted from Print Issue,Matthew Hockenberry,,,,2,Global Commons,,,
The Failed Divorce of Serbia’s Government and Organized Crime,/news/failed-divorce-serbias-government-and-organized-crime,NO,ESSAY,11272012,11,27,2012,Nemanja Mladenovic,,,,,Adapted from Print Issue,Nemanja Mladenovic,,,,2,Europe,Eastern Europe,,
Outgunned: The Honduran Fight Against Transnational Cocaine Traffickers,/news/outgunned-honduran-fight-against-transnational-cocaine-traffickers,NO,ESSAY,11262012,11,26,2012,Ana-Constantina Kolb,,,,,Adapted from Print Issue,Ana-Constantina Kolb,,,,2,Americas,Central America,,
Human Trafficking: A Global Perspective,/news/human-trafficking-global-perspective,NO,COMMENT,11202012,11,20,2012,Emmania Rodriguez,,,,,Adapted from Print Issue,Emmania Rodriguez,,,,2,Global Commons,,,
The Story of Two Women who Risked Everything in the International Drug Trade,/news/story-two-women-who-risked-everything-international-drug-trade,NO,COMMENT,11202012,11,20,2012,Alina A. Smyslova,,,,,Adapted from Print Issue,Alina A. Smyslova,,,,2,Global Commons,,,
The Shadow World: Inside the Global Arms Trade,/news/shadow-world-inside-global-arms-trade,NO,COMMENT,11202012,11,20,2012,Krisztian Simon,,,,,Adapted from Print Issue,Krisztian Simon,,,,2,Global Commons,,,
Draining Development? Controlling Flows of Illicit Funds from Developing Countries,/news/draining-development-controlling-flows-illicit-funds-developing-countries,NO,COMMENT,11202012,11,20,2012,Frank Murray,,,,,Adapted from Print Issue,Frank Murray,,,,2,Global Commons,,,
Mafias on the move: How Organized Crime Conquers New Territories,/news/mafias-move-how-organized-crime-conquers-new-territories,NO,COMMENT,11202012,11,20,2012,Diana del Olmo,,,,,Adapted from Print Issue,Diana del Olmo,,,,2,Global Commons,,,
Treasure Islands: Uncovering the Damage of Offshore Banking and Tax Havens,/news/treasure-islands-uncovering-damage-offshore-banking-and-tax-havens,NO,COMMENT,11202012,11,20,2012,Chris Eshleman,,,,,Adapted from Print Issue,Chris Eshleman,,,,2,Global Commons,,,
The Money Laundry: Regulating Criminal Finance in the Global Economy,/news/money-laundry-regulating-criminal-finance-global-economy,NO,COMMENT,11202012,11,20,2012,Ethan Wagner,,,,,Adapted from Print Issue,Ethan Wagner,,,,2,Global Commons,,,
Mexico’s Struggle for Public Security: Organized Crime and State Responses,/news/mexicos-struggle-public-security-organized-crime-and-state-responses,NO,COMMENT,11202012,11,20,2012,Laura Vargas,,,,,Adapted from Print Issue,Laura Vargas,,,,2,Americas,North America,,
Informality and Illegality in the Exploitation of Gold and Timber in Antioquia,/news/informality-and-illegality-exploitation-gold-and-timber-antioquia,NO,COMMENT,11202012,11,20,2012,Victoria Webster,,,,,Adapted from Print Issue,Victoria Webster,,,,2,Americas,South America,,
"Gridlock: Labor, Migration, and Human Trafficking in Dubai",/news/gridlock-labor-migration-and-human-trafficking-dubai,NO,COMMENT,11202012,11,20,2012,Alexander Lee,,,,,Adapted from Print Issue,Alexander Lee,,,,2,Middle East,,,
Criminal Activity in a Globalizing World,/news/criminal-activity-globalizing-world,NO,COMMENT,11192012,11,19,2012,Madeline K. B. Ross,,,,,Adapted from Print Issue,Madeline K. B. Ross,,,,2,Global Commons,,,
Hidden in Plain Sight: An Anthropology of the Global Criminal Underworld,/news/hidden-plain-sight-anthropology-global-criminal-underworld,NO,ARGUMENT,11192012,11,19,2012,David Kortava,,,,,Adapted from Print Issue,David Kortava,,,,2,Global Commons,,,
"Leave No One Behind, Even After Fifty Years",/news/leave-no-one-behind-even-after-fifty-years,NO,COMMENT,11142012,11,14,2012,Patrick Ellis Cha,,,,,Produced for Digital,Patrick Ellis Cha,,,,2,Global Commons,,,
Confronting Iran: A Red Team Perspective,/news/confronting-iran-red-team-perspective,NO,ARGUMENT,11142012,11,14,2012,Samir Tata,,,,,Produced for Digital,Samir Tata,,,,2,Middle East,,,
Springtime of Discontent,/news/springtime-discontent,NO,ARGUMENT,10222012,10,22,2012,Taro-kun,,,,,Produced for Digital,Taro-kun,,,,2,Global Commons,,,
Incommensurability and “No Kill Zones”: Settling Arguments and Producing Knowledge in a Divided Discipline,/news/incommensurability-and-no-kill-zones-settling-arguments-and-producing-knowledge-divided,NO,ESSAY,9252012,9,25,2012,Nikolaj Werk,,,,,Produced for Digital,Nikolaj Werk,,,,2,Global Commons,,,
The Closing of Turkey’s Kurdish Opening,/news/closing-turkeys-kurdish-opening,NO,ESSAY,9202012,9,20,2012,Michael Kurd Gunder,,,,,Produced for Digital,Michael Kurd Gunder,,,,2,Europe,Eastern Europe,,
The Many Colors of the ‘Arab Spring’,/news/many-colors-arab-spring,NO,COMMENT,8282012,8,28,2012,Dr. Imad Salamey,,,,,Produced for Digital,Dr. Imad Salamey,,,,2,Middle East,Africa,North Africa,
How Civil Society Can Engage with Policy Making in Myanmar’s Transitional Context,/news/how-civil-society-can-engage-policy-making-myanmars-transitional-context,NO,ARGUMENT,7292012,7,29,2012,Mark SiuSue,,,,,Produced for Digital,Mark SiuSue,,,,2,Asia,South East Asia,,
The United States and Canadian Border: An Attempt to Increase Bi-Lateral Cooperation for the Prevention of Transnational Crime,/news/united-states-and-canadian-border-attempt-increase-bi-lateral-cooperation-prevention,NO,ESSAY,7232012,7,23,2012,Lita M. Grace,,,,,Produced for Digital,Lita M. Grace,,,,2,Americas,North America,,
Urban America: U.S. Cities in the Global Era,/news/urban-america-us-cities-global-era,NO,ARGUMENT,5232012,5,23,2012,Richard C. Longworth,,,,,Produced for Digital,Richard C. Longworth,,,,2,Americas,North America,,
Religious-Freedom Violations in South Asia,/news/religious-freedom-violations-south-asia,NO,ARGUMENT,5142012,5,14,2012,Katrina Lantos Swett,Leonard A. Leo,,,,Produced for Digital,Katrina Lantos Swett,Leonard A. Leo,,,3,Asia,South Asia,,
"The Delivery of Public Goods in a Rapidly Expanding African City: Financing Policies in Addis Ababa, Ethiopia",/news/delivery-public-goods-rapidly-expanding-african-city-financing-policies-addis-ababa-ethiopia,NO,ESSAY,4232012,4,23,2012,Edmond J. Keller,,,,,Produced for Digital,Edmond J. Keller,,,,2,Africa,East Africa,,
The Invention and Reinvention of the City: An Interview with Rem Koolhaas,/news/invention-and-reinvention-city-interview-rem-koolhaas,NO,FEATURE,4192012,4,19,2012,Paul Fraioli,,,,,Produced for Digital,Paul Fraioli,,,,2,Global Commons,,,
Cairo 2050: Urban Dream or Modernist Delusion?,/news/cairo-2050-urban-dream-or-modernist-delusion,NO,COMMENT,4192012,4,19,2012,Nada Tarbush,,,,,Adapted from Print Issue,Nada Tarbush,,,,2,Africa,North Africa,,
Urban America: U.S. Cities in the Global Era,/news/urban-america-us-cities-global-era,NO,ARGUMENT,5232012,5,23,2012,Richard C. Longworth,,,,,Produced for Digital,Richard C. Longworth,,,,2,Americas,North America,,
Toward a Sustainability Framework for Development in Niger,/news/toward-sustainability-framework-development-niger,NO,ESSAY,4102012,4,10,2012,Michael Ginsberg,,,,,Produced for Digital,Michael Ginsberg,,,,2,Africa,West Africa,,
The Algerian Regime: An Arab Spring Survivor,/news/algerian-regime-arab-spring-survivor,NO,ARGUMENT,3072012,3,7,2012,Narrimane Benakcha,,,,,Produced for Digital,Narrimane Benakcha,,,,2,Africa,North Africa,,
Ways Forward in Global Counterterrorism,/news/ways-forward-global-counterterrorism,NO,ARGUMENT,2272012,2,27,2012,Cornelia Bayer,,,,,Produced for Digital,Cornelia Bayer,,,,2,Global Commons,,,
When Fighting Corruption Harms Democracy,/news/when-fighting-corruption-harms-democracy,NO,ARGUMENT,2202012,2,20,2012,Nicholas Robinson,,,,,Produced for Digital,Nicholas Robinson,,,,2,Global Commons,,,
North Korea: The World’s Principal Violator of the “Responsibility to Protect”,/news/north-korea-worlds-principal-violator-responsibility-protect,NO,COMMENT,2062012,2,6,2012,Robert Park,,,,,Produced for Digital,Robert Park,,,,2,Asia,East Asia,,
Undoing Partition: Pakistan’s Military Economy and the Reintegration of South Asia,/news/undoing-partition-pakistans-military-economy-and-reintegration-south-asia,NO,ESSAY,11022011,11,2,2011,Neil Padukone,,,,,Produced for Digital,Neil Padukone,,,,2,Asia,South Asia,,
A Discussion of Sino-Indian Relations,/news/discussion-sino-indian-relations,NO,COMMENT,4042011,4,4,2011,Andrew Tobin,,,,,Produced for Digital,Andrew Tobin,,,,2,Asia,South Asia,North Asia,
Green Technology: Where We Are and What We Need,/news/green-technology-where-we-are-and-what-we-need,NO,ESSAY,11102010,11,10,2010,,,,,,Produced for Digital,,,,,1,Global Commons,,,
The Politics of Civil Service Reform in Pakistan,/news/politics-civil-service-reform-pakistan,NO,ESSAY,5012010,5,1,2010,Andrew Wilder,,,,,Adapted from Print Issue,Andrew Wilder,,,,2,Asia,South Asia,,
The Russian Soldier Today,/news/russian-soldier-today,NO,ESSAY,4182010,4,18,2010,Iva Savic,,,,,Adapted from Print Issue,Iva Savic,,,,2,Asia,North Asia,Europe,Eastern Europe
What Can Be Done with Documents,/news/what-can-be-done-documents,NO,COMMENT,4182010,4,18,2010,Maksim Hanukai,,,,,Adapted from Print Issue,Maksim Hanukai,,,,2,Global Commons,,,
Constructing a Post-Communist Economic Order,/news/constructing-post-communist-economic-order,NO,ARGUMENT,4182010,4,18,2010,David Szakonyi,,,,,Adapted from Print Issue,David Szakonyi,,,,2,Asia,North Asia,Europe,Eastern Europe
Unwrapping Russian Foreign Policy,/news/unwrapping-russian-foreign-policy,NO,ARGUMENT,4182010,4,18,2010,Thomas J.R. Kent,,,,,Adapted from Print Issue,Thomas J.R. Kent,,,,2,Asia,North Asia,Europe,Eastern Europe
Re-Examining Russian Energy Power,/news/re-examining-russian-energy-power,NO,ARGUMENT,4182010,4,18,2010,Michael Broache,,,,,Adapted from Print Issue,Michael Broache,,,,2,Asia,North Asia,Europe,Eastern Europe
The View from Moscow - An Interview with Sergey Ryabkov,/news/view-moscow-interview-sergey-ryabkov,NO,FEATURE,4182010,4,18,2010,,,,,,Adapted from Print Issue,,,,,1,Asia,North Asia,Europe,Eastern Europe
A Balanced Assessment of Russian Civil Society,/news/balanced-assessment-russian-civil-society,NO,ESSAY,4172010,4,17,2010,Debra Javeline,Sarah Lindemann-Komarova,,,,Adapted from Print Issue,Debra Javeline,Sarah Lindemann-Komarova,,,3,Asia,North Asia,Europe,Eastern Europe
U.S.-Russian Relations in an Age of American Triumphalism - An Interview with Stephen F. Cohen,/news/us-russian-relations-age-american-triumphalism-interview-stephen-f-cohen,NO,FEATURE,4172010,4,17,2010,,,,,,Adapted from Print Issue,,,,,1,Europe,Eastern Europe,Americas,North America
Freedom of Expression without Freedom of the Press,/news/freedom-expression-without-freedom-press,NO,ESSAY,4172010,4,17,2010,Maria Lipman,,,,,Adapted from Print Issue,Maria Lipman,,,,2,Global Commons,,,
Russia’s Financial Crisis: Economic Setbacks and Policy Responses,/news/russias-financial-crisis-economic-setbacks-and-policy-responses,NO,ESSAY,4172010,4,17,2010,Padma Desai,,,,,Adapted from Print Issue,Padma Desai,,,,2,Asia,North Asia,Europe,Eastern Europe
Why Russia is Not South Korea,/news/why-russia-not-south-korea,NO,ESSAY,4172010,4,17,2010,Ekaterina Zhuravskaya,Sergei Guriev,,,,Adapted from Print Issue,Ekaterina Zhuravskaya,Sergei Guriev,,,3,Asia,North Asia,East Asia,
The Global Expansion of Russia’s Energy Giants,/news/global-expansion-russias-energy-giants,NO,ESSAY,4152010,4,15,2010,Nina Poussenkova,,,,,Adapted from Print Issue,Nina Poussenkova,,,,2,Asia,North Asia,Europe,Eastern Europe
Is Russia Cursed by Oil?,/news/russia-cursed-oil,NO,ESSAY,4152010,4,15,2010,Daniel Treisman,,,,,Adapted from Print Issue,Daniel Treisman,,,,2,Asia,North Asia,Europe,Eastern Europe
Russia and Europe’s Mutual Energy Dependence,/news/russia-and-europes-mutual-energy-dependence,NO,ESSAY,4152010,4,15,2010,Christophe-Alexandre Paillard,,,,,Adapted from Print Issue,Christophe-Alexandre Paillard,,,,2,Asia,North Asia,Europe,Eastern Europe
Ukraine’s Defense Engagement with the United States,/news/ukraines-defense-engagement-united-states,NO,ESSAY,4152010,4,15,2010,Gary D. Espinas,,,,,Adapted from Print Issue,Gary D. Espinas,,,,2,Europe,Eastern Europe,Americas,North America
"Russia, Ukraine, and Central Europe: The Return of Geopolitics",/news/russia-ukraine-and-central-europe-return-geopolitics,NO,ESSAY,4152010,4,15,2010,F. Stephen Larrabee,,,,,Adapted from Print Issue,F. Stephen Larrabee,,,,2,Europe,Eastern Europe,Central Europe,
Russian Dilemmas in a Multipolar World,/news/russian-dilemmas-multipolar-world,NO,ESSAY,4152010,4,15,2010,Fyodor Lukyanov,,,,,Adapted from Print Issue,Fyodor Lukyanov,,,,2,Asia,North Asia,Europe,Eastern Europe
Generational Change and the Future of U.S.-Russian Relations,/news/generational-change-and-future-us-russian-relations,NO,ESSAY,4142010,4,14,2010,Jeffrey Mankoff,,,,,Adapted from Print Issue,Jeffrey Mankoff,,,,2,Europe,Eastern Europe,Americas,North America
The Hegemon’s Dilemma,/news/hegemons-dilemma,NO,ARGUMENT,3252010,3,25,2010,Austin Long,,,,,Adapted from Print Issue,Austin Long,,,,2,Global Commons,,,
Pulling the Rug out from under Al Qaeda,/news/pulling-rug-out-under-al-qaeda,NO,ARGUMENT,3252010,3,25,2010,Francesco Mancini,,,,,Adapted from Print Issue,Francesco Mancini,,,,2,Middle East,,,
Reshaping Religious Institutions: Studying the Impact of State Involvement and Regional Conflict on Pakistan’s Madrassahs,/news/reshaping-religious-institutions-studying-impact-state-involvement-and-regional-conflict,NO,COMMENT,3252010,3,25,2010,Tabinda Khan,,,,,Adapted from Print Issue,Tabinda Khan,,,,2,Asia,South Asia,,
The Role of Politics in Pakistan's Economy,/news/role-politics-pakistans-economy,NO,ESSAY,3252010,3,25,2010,Ishrat Husain,,,,,Adapted from Print Issue,Ishrat Husain,,,,2,Asia,South Asia,,
"Pakistan’s Strategic Interests, Afghanistan and the Fluctuating U.S. Strategy",/news/pakistans-strategic-interests-afghanistan-and-fluctuating-us-strategy,NO,ESSAY,3252010,3,25,2010,Syed Farooq Hasnat,,,,,Adapted from Print Issue,Syed Farooq Hasnat,,,,2,Asia,South Asia,Americas,North America
India-Pakistan Rivalry in Afghanistan,/news/india-pakistan-rivalry-afghanistan,NO,ESSAY,3252010,3,25,2010,Nicholas Howenstein,Sumit Ganguly,,,,Adapted from Print Issue,Nicholas Howenstein,Sumit Ganguly,,,3,Asia,South Asia,Middle East,
Gaming The System: How Afghan Opium Underpins Local Power,/news/gaming-system-how-afghan-opium-underpins-local-power,NO,ESSAY,3252010,3,25,2010,Justin Mankin,,,,,Adapted from Print Issue,Justin Mankin,,,,2,Middle East,,,
Pakistan’s Own War on Terror: What the Pakistani Public Thinks,/news/pakistans-own-war-terror-what-pakistani-public-thinks,NO,ESSAY,3152010,3,15,2010,C. Christine Fair,,,,,Adapted from Print Issue,C. Christine Fair,,,,2,Asia,South Asia,,
Natural Gas and War in Mozambique,/news/natural-gas-and-war-mozambique,YES,ARGUMENT,4032020,4,3,2020,Sam Ratner,,,,,Produced for Digital,Sam Ratner,,,,2,Africa,South Africa,,
The Mosaic of Coronavirus Vaccine Development: Systemic Failures in Vaccine Innovation,/news/mosaic-coronavirus-vaccine-development-systemic-failures-vaccine-innovation,YES,ARGUMENT,3212020,3,21,2020,Ana Santos Rutschman,,,,,Produced for Digital,Ana Santos Rutschman,,,,2,Global Commons,,,
The Challenge and Necessity of US-China Technology Cooperation,/news/challenge-and-necessity-us-china-technology-cooperation,YES,ARGUMENT,3122020,3,12,2020,Xiaoli Jin,,,,,Produced for Digital,Xiaoli Jin,,,,2,Americas,North America,Asia,North Asia
Amicable Ties Between North Korea and WIPO: A Model for Constructive Engagement?,/news/amicable-ties-between-north-korea-and-wipo-model-constructive-engagement,YES,ARGUMENT,3052020,3,5,2020,Dae Un Hong,,,,,Produced for Digital,Dae Un Hong,,,,2,Asia,East Asia,Global Commons,
Disruptive Technology and the Future of International Law,/news/disruptive-technology-and-future-international-law,YES,ARGUMENT,2192020,2,19,2020,Joshua Fiveson,,,,,Produced for Digital,Joshua Fiveson,,,,2,Global Commons,,,
The Cradle to Cradle Movement,/news/cradle-cradle-movement,YES,ARGUMENT,2172020,2,17,2020,Michael Braungart,,,,,Adapted from Print Issue,Michael Braungart,,,,2,Global Commons,,,
The Role of Carbon Pricing,/news/role-carbon-pricing,YES,ARGUMENT,2172020,2,17,2020,Michael Green,,,,,Adapted from Print Issue,Michael Green,,,,2,Global Commons,,,
Achieving Zero Waste in San Francisco: Successes and Challenges,/news/achieving-zero-waste-san-francisco-successes-and-challenges,YES,ARGUMENT,2172020,2,17,2020,Michael J. Sangiacomo,,,,,Adapted from Print Issue,Michael J. Sangiacomo,,,,2,Americas,North America,,
The Future of Energy: Creating Lasting Change,/news/future-energy-creating-lasting-change,YES,ARGUMENT,2172020,2,17,2020,Josh Tickell,,,,,Adapted from Print Issue,Josh Tickell,,,,2,Global Commons,,,
A Zero Waste World,/news/zero-waste-world,YES,ARGUMENT,2152020,2,15,2020,Joan Marc Simon,,,,,Adapted from Print Issue,Joan Marc Simon,,,,2,Global Commons,,,
Earth's Climate Future,/news/earths-climate-future,YES,ARGUMENT,2152020,2,15,2020,David Wallace-Wells,,,,,Adapted from Print Issue,David Wallace-Wells,,,,2,Global Commons,,,
"One Step Forward, Two Steps Back: An Indigenous Perspective on Recent Efforts to Fight Climate Change",/news/one-step-forward-two-steps-back-indigenous-perspective-recent-efforts-fight-climate-change,YES,ARGUMENT,2142020,2,14,2020,Danika Littlechild,,,,,Adapted from Print Issue,Danika Littlechild,,,,2,Global Commons,,,
International Responses to Climate-Related Migration,/news/international-responses-climate-related-migration,YES,ARGUMENT,2142020,2,14,2020,Walter Kaelin,,,,,Adapted from Print Issue,Walter Kaelin,,,,2,Global Commons,,,
The Importance of Inclusion in the Environmental Movement,/news/importance-inclusion-environmental-movement,YES,ARGUMENT,2132020,2,13,2020,Adrianna Quintero,,,,,Adapted from Print Issue,Adrianna Quintero,,,,2,Global Commons,,,
Ocean Conservation and Climate Action,/news/ocean-conservation-and-climate-action,YES,ARGUMENT,2132020,2,13,2020,Ayana Elizabeth Johnson,,,,,Adapted from Print Issue,Ayana Elizabeth Johnson,,,,2,Global Commons,,,
Addressing Environmental Racism,/news/addressing-environmental-racism,YES,ARGUMENT,2112020,2,11,2020,Robert Bullard,,,,,Adapted from Print Issue,Robert Bullard,,,,2,Global Commons,,,
Carbon Farming: A Solution to Climate Change?,/news/carbon-farming-solution-climate-change,YES,ARGUMENT,2112020,2,11,2020,Eric Toensmeier,,,,,Adapted from Print Issue,Eric Toensmeier,,,,2,Global Commons,,,
"Religion, Faith, and Climate Activism: Morality and Religion in the Climate Crisis",/news/religion-faith-and-climate-activism-morality-and-religion-climate-crisis,YES,ARGUMENT,2112020,2,11,2020,Rev. Susan Hendershot,,,,,Adapted from Print Issue,Rev. Susan Hendershot,,,,2,Global Commons,,,
Future of Climate and Energy Policy: Constructing Columbia University's Climate Task Force,/news/future-climate-and-energy-policy-constructing-columbia-universitys-climate-task-force,YES,ARGUMENT,2112020,2,11,2020,Sir Alex Halliday,,,,,Adapted from Print Issue,Sir Alex Halliday,,,,2,Global Commons,,,
Removing the Meat Subsidy: Our Cognitive Dissonance Around Animal Agriculture,/news/removing-meat-subsidy-our-cognitive-dissonance-around-animal-agriculture,YES,ESSAY,2112020,2,11,2020,Christina Sewell,,,,,Adapted from Print Issue,Christina Sewell,,,,2,Global Commons,,,
A Call to Action,/news/call-action,YES,COMMENT,2112020,2,11,2020,Bill McKibben,,,,,Adapted from Print Issue,Bill McKibben,,,,2,Global Commons,,,
Letter from the Dean,/news/letter-dean-1,YES,GENERAL,2112020,2,11,2020,Merit E. Janow,,,,,Adapted from Print Issue,Merit E. Janow,,,,2,,,,
Letter from the Editors,/news/letter-editors-4,YES,GENERAL,2112020,2,11,2020,JIA Editorial Board,,,,,Adapted from Print Issue,JIA Editorial Board,,,,2,,,,
Table of Contents,/news/table-contents-4,YES,GENERAL,2112020,2,11,2020,JIA Editorial Board,,,,,Adapted from Print Issue,JIA Editorial Board,,,,2,,,,
Averting Self-Defeat: Shifting the Narrative of the Climate Debate,/news/averting-self-defeat-shifting-narrative-climate-debate,YES,ARGUMENT,2042020,2,4,2020,Romana Březovská,Michal Bokša,,,,Produced for Digital,Romana Březovská,Michal Bokša,,,3,Global Commons,,,
Mexico’s Strategic Confusion,/news/mexicos-strategic-confusion,YES,ARGUMENT,1272020,1,27,2020,Andrew Rennemo,,,,,Produced for Digital,Andrew Rennemo,,,,2,Americas,North America,,
City Diplomacy in Central Europe,/news/city-diplomacy-central-europe,YES,ARGUMENT,1232020,1,23,2020,Chris Riehl,,,,,Produced for Digital,Chris Riehl,,,,2,Europe,Central Europe,,
Emerging Frameworks of Renewable Geopolitics,/news/emerging-frameworks-renewable-geopolitics,YES,ARGUMENT,1042020,1,4,2020,Corissa Steiner,,,,,Produced for Digital,Corissa Steiner,,,,2,Global Commons,,,
Has the U.S.-Saudi Relationship Reached Its Breaking Point?,/news/has-us-saudi-relationship-reached-its-breaking-point,YES,ARGUMENT,1032020,1,3,2020,Benjamin Moore,,,,,Produced for Digital,Benjamin Moore,,,,2,Americas,North America,Middle East,
"Political Reform in Algeria is a Marathon, Not a Sprint: An Analysis of Algeria’s Upcoming Presidential Election",/news/political-reform-algeria-marathon-not-sprint-analysis-algerias-upcoming-presidential-election,YES,ARGUMENT,12112019,12,11,2019,,,,,,Produced for Digital,,,,,1,Africa,North Africa,,
Digital Trust is Essential for Data Privacy Protection,/news/digital-trust-essential-data-privacy-protection,YES,COMMENT,12082019,12,8,2019,Stuart N. Brotman,,,,,Produced for Digital,Stuart N. Brotman,,,,2,Global Commons,,,
"Tech War, Faux War: Exaggerated Claims to U.S.-China Technological Competition",/news/tech-war-faux-war-exaggerated-claims-us-china-technological-competition,YES,COMMENT,12072019,12,7,2019,Johanna M. Costigan,,,,,Produced for Digital,Johanna M. Costigan,,,,2,Americas,North America,Asia,North Asia
Cloaking Strategic Interests in Morality: How Turkey Discredits Armed Humanitarianism,/news/cloaking-strategic-interests-morality-how-turkey-discredits-armed-humanitarianism,YES,ARGUMENT,11242019,11,24,2019,Oana-Cosmina Mihalache,,,,,Produced for Digital,Oana-Cosmina Mihalache,,,,2,Europe,Eastern Europe,,
Sayed Bukhari on the Future of Pakistan and its Overseas Diaspora,/news/sayed-bukhari-future-pakistan-and-its-overseas-diaspora,YES,ARGUMENT,10272019,10,27,2019,Sayed Zulfikar Abbas Bukhari,,,,,Produced for Digital,Sayed Zulfikar Abbas Bukhari,,,,2,Asia,South Asia,,
Can remain voters influence the Brexit deal?,/news/can-remain-voters-influence-brexit-deal,YES,ARGUMENT,10192019,10,19,2019,Carla Cabrera Cuadrado,,,,,Produced for Digital,Carla Cabrera Cuadrado,,,,2,Europe,United Kingdom and Ireland,,
Trump’s Disregard for Diplomacy,/news/trumps-disregard-diplomacy,YES,COMMENT,10102019,10,10,2019,Benjamin Moore,,,,,Produced for Digital,Benjamin Moore,,,,2,Americas,North America,,
"Ending Pandemics: US Foreign Policy to Mitigate Today's Major Killers, Tomorrow's Outbreaks, and the Health Impacts of Climate Change",/news/ending-pandemics-us-foreign-policy-mitigate-todays-major-killers-tomorrows-outbreaks-and,YES,ESSAY,10102019,10,10,2019,Matthew M. Kavanagh,Harsha Thirumurthy,Rebecca Katz,"Kristie L. Ebi, Chris Beyrer, Jamila Headley, Charles B. Holmes, Chris Collins, Lawrence O. Gostin",,Produced for Digital,Matthew M. Kavanagh,Harsha Thirumurthy,Rebecca Katz,"Kristie L. Ebi, Chris Beyrer, Jamila Headley, Charles B. Holmes, Chris Collins, Lawrence O. Gostin",5,Americas,North America,Global Commons,
Chinese-Russian Joint Military Adventurism in the Pacific,/news/chinese-russian-joint-military-adventurism-pacific,YES,COMMENT,9152019,9,15,2019,Bahauddin Foizee,,,,,Produced for Digital,Bahauddin Foizee,,,,2,Asia,North Asia,South East Asia,
Repetition = Resistance,/news/repetition-resistance,YES,COMMENT,9132019,9,13,2019,Saumya Deva,,,,,Adapted from Print Issue,Saumya Deva,,,,2,Middle East,,,
Letter From the Editors,/news/letter-editors-3,YES,GENERAL,2112020,2,11,2020,JIA Editorial Board,,,,,Adapted from Print Issue,JIA Editorial Board,,,,2,,,,
Letter From the Dean,/news/letter-dean-0,YES,GENERAL,2112020,2,11,2020,Merit E. Janow,,,,,Adapted from Print Issue,Merit E. Janow,,,,2,,,,
"Shattering the Highest and Hardest Glass Ceiling, Once and For All: How the 2020 Election Can Change Governance in the U.S. and Beyond",/news/shattering-highest-and-hardest-glass-ceiling-once-and-all-how-2020-election-can-change,YES,ARGUMENT,9112019,9,11,2019,Jasneet Hora,,,,,Adapted from Print Issue,Jasneet Hora,,,,2,Americas,United States,,
Gender Identities in Conflict,/news/gender-identities-conflict,YES,COMMENT,9112019,9,11,2019,Nimmi Gowrinathan,,,,,Adapted from Print Issue,Nimmi Gowrinathan,,,,2,Global Commons,,,
"Critical Perspectives on ""Governance Feminism""",/news/critical-perspectives-governance-feminism,YES,ARGUMENT,9112019,9,11,2019,Eugenia McGill,,,,,Adapted from Print Issue,Eugenia McGill,,,,2,Global Commons,,,
When Women Stand Together As One: The Power of Women's Grassroots Peace Movements,/news/when-women-stand-together-one-power-womens-grassroots-peace-movements,YES,ARGUMENT,9112019,9,11,2019,Leymah Gbowee,,,,,Adapted from Print Issue,Leymah Gbowee,,,,2,Global Commons,,,
"Feminism, Peace, and Afghanistan",/news/feminism-peace-and-afghanistan,YES,ESSAY,9112019,9,11,2019,Sima Samar,,,,,Adapted from Print Issue,Sima Samar,,,,2,Middle East,,,
Take Back the Future: Global Feminisms and the Coming Crisis of the Beijing Settlement,/news/take-back-future-global-feminisms-and-coming-crisis-beijing-settlement,YES,ESSAY,9102019,9,10,2019,Yasmine Ergas,,,,,Adapted from Print Issue,Yasmine Ergas,,,,2,Global Commons,Asia,North Asia,
Table of Contents,/news/table-contents-3,YES,GENERAL,2112020,2,11,2020,JIA Editorial Board,,,,,Adapted from Print Issue,JIA Editorial Board,,,,2,,,,
Environmental and Social Risk Management in India,/news/environmental-and-social-risk-management-india,YES,ARGUMENT,9092019,9,9,2019,Mahima Achuthan,,,,,Produced for Digital,Mahima Achuthan,,,,2,Asia,South Asia,,
The Common Enemy: How the Rhetoric of Fear is Subverting Democracies,/news/common-enemy-how-rhetoric-fear-subverting-democracies,YES,ARGUMENT,8252019,8,25,2019,,,,,,Produced for Digital,,,,,1,Global Commons,,,
Are US-Pakistan Relations Improving?,/news/are-us-pakistan-relations-improving,YES,COMMENT,8112019,8,11,2019,Hizbullah Khan,,,,,Produced for Digital,Hizbullah Khan,,,,2,Americas,North America,Asia,South Asia
Morocco's Contemporary Diplomacy as a Middle Power,/news/moroccos-contemporary-diplomacy-middle-power,YES,ARGUMENT,8102019,8,10,2019,Amine Bennis,,,,,Produced for Digital,Amine Bennis,,,,2,Africa,North Africa,,
The Evolving Role of Business in Society: Toward a Sustainable Development Consensus,/news/evolving-role-business-society-toward-sustainable-development-consensus,YES,COMMENT,7242019,7,24,2019,Mahmoud Mohieldin,Svetlana Klimenko,,,,Produced for Digital,Mahmoud Mohieldin,Svetlana Klimenko,,,3,Global Commons,,,
Trump’s Twitter Engagement with North Korea: A Public Diplomacy Perspective,/news/trumps-twitter-engagement-north-korea-public-diplomacy-perspective,YES,COMMENT,7192019,7,19,2019,Muhsin Puthan Purayil,,,,,Produced for Digital,Muhsin Puthan Purayil,,,,2,Americas,North America,Asia,East Asia
Are sanctions stopping us from achieving global climate goals?,/news/are-sanctions-stopping-us-achieving-global-climate-goals,YES,COMMENT,7112019,7,11,2019,Alexander Rustler,,,,,Produced for Digital,Alexander Rustler,,,,2,Global Commons,Middle East,,
"From the Archives: To A British Friend, Are You In Europe?",/news/archives-british-friend-are-you-europe,YES,ESSAY,6242019,6,24,2019,René Albrecht-Carrié,,,,,Produced for Digital,René Albrecht-Carrié,,,,2,Europe,United Kingdom and Ireland,,
Brexit Matters for the United States,/news/brexit-matters-united-states,YES,COMMENT,6212019,6,21,2019,Desmond Lachman,,,,,Produced for Digital,Desmond Lachman,,,,2,Europe,United Kingdom and Ireland,Americas,North America
Frozen Conflicts and Federalization: Russian Policy in Transnistria and Donbass,/news/frozen-conflicts-and-federalization-russian-policy-transnistria-and-donbass,YES,ARGUMENT,5222019,5,22,2019,Diana Dascalu,,,,,Produced for Digital,Diana Dascalu,,,,2,Europe,Eastern Europe,Asia,North Asia
Greening Monetary Policy: Central Banks in the Fight Against Climate Change,/news/greening-monetary-policy-central-banks-fight-against-climate-change,YES,COMMENT,5162019,5,16,2019,Alexander Rustler,,,,,Adapted from Print Issue,Alexander Rustler,,,,2,Global Commons,,,
"Communal Violence, Social Media, and Elections in India",/news/communal-violence-social-media-and-elections-india,YES,ARGUMENT,4192019,4,19,2019,Claire Teitelman,,,,,Produced for Digital,Claire Teitelman,,,,2,Asia,South Asia,,
Making Sense of the Brexit Mess,/news/making-sense-brexit-mess,YES,ARGUMENT,4092019,4,9,2019,Tim Oliver,,,,,Produced for Digital,Tim Oliver,,,,2,Europe,United Kingdom and Ireland,,
A Wall in Cyberspace,/news/wall-cyberspace,YES,ARGUMENT,4092019,4,9,2019,Matthew Flynn,,,,,Produced for Digital,Matthew Flynn,,,,2,Global Commons,,,
Eric Biel on the Future of Work,/news/eric-biel-future-work,YES,ARGUMENT,4042019,4,4,2019,JIA Editorial Board,,,,,Produced for Digital,JIA Editorial Board,,,,2,Global Commons,,,
From the Archives: Britain's Imperative,/news/archives-britains-imperative,YES,ESSAY,4012019,4,1,2019,Anthony Nutting,,,,,Produced for Digital,Anthony Nutting,,,,2,Europe,United Kingdom and Ireland,,
The Global Gag Rule and Closing Civil Society Space for Sexual and Reproductive Rights,/news/global-gag-rule-and-closing-civil-society-space-sexual-and-reproductive-rights,YES,ARGUMENT,3072019,3,7,2019,Marta Schaaf,Emily Maistrellis,Terry McGovern,Latanya Mapp Frett,,Produced for Digital,Marta Schaaf,Emily Maistrellis,Terry McGovern,Latanya Mapp Frett,5,Global Commons,,,
Be Wary of American Interest in Venezuela,/news/be-wary-american-interest-venezuela,YES,COMMENT,2102019,2,10,2019,Benjamin Moore,,,,,Produced for Digital,Benjamin Moore,,,,2,Americas,North America,South America,
Expert Interviews on the Fourth Industrial Revolution,/news/expert-interviews-fourth-industrial-revolution,YES,FEATURE,2082019,2,8,2019,,,,,,Produced for Digital,,,,,1,Global Commons,,,
The Empire Strikes Back: Post-Brexit Britain’s Return to East of Suez,/news/empire-strikes-back-post-brexit-britains-return-east-suez,YES,ARGUMENT,2082019,2,8,2019,Yicheng Zhang,,,,,Produced for Digital,Yicheng Zhang,,,,2,Europe,United Kingdom and Ireland,Asia,Middle East
Building Trust In Artificial Intelligence,/news/building-trust-artificial-intelligence,YES,ARGUMENT,2062019,2,6,2019,Francesca Rossi,,,,,Adapted from Print Issue,Francesca Rossi,,,,2,Global Commons,,,
The Fourth Industrial Revolution and Global Peace and Security,/news/fourth-industrial-revolution-and-global-peace-and-security,YES,ARGUMENT,1312019,1,31,2019,Izumi Nakamitsu,,,,,Produced for Digital,Izumi Nakamitsu,,,,2,Global Commons,,,
LAUNCH EVENT: The Fourth Industrial Revolution on 4 Feb 2019,/news/launch-event-fourth-industrial-revolution-4-feb-2019,YES,GENERAL,1312019,1,31,2019,JIA Editorial Board,,,,,Produced for Digital,JIA Editorial Board,,,,2,,,,
Correctly Valuing the Work of the Future,/news/correctly-valuing-work-future,YES,ESSAY,1262019,1,26,2019,Guy Ryder,,,,,Adapted from Print Issue,Guy Ryder,,,,2,Global Commons,,,
Outsourcing Diplomacy: The Necessity of Unofficial Talks,/news/outsourcing-diplomacy-necessity-unofficial-talks,YES,ARGUMENT,1262019,1,26,2019,Cristian Tracci,,,,,Produced for Digital,Cristian Tracci,,,,2,Global Commons,,,
On the Lack of Theory in Africa-China Analysis,/news/lack-theory-africa-china-analysis,YES,COMMENT,1242019,1,24,2019,Bhaso Ndzendze,,,,,Produced for Digital,Bhaso Ndzendze,,,,2,Africa,Asia,North Asia,
A Gender Lens on The Future of Work,/news/gender-lens-future-work,YES,ESSAY,1222019,1,22,2019,Jill Rubery,,,,,Adapted from Print Issue,Jill Rubery,,,,2,Global Commons,,,
The Fourth Industrial Revolution: Shaping A New Era,/news/fourth-industrial-revolution-shaping-new-era,YES,ARGUMENT,1222019,1,22,2019,Thomas Philbeck,Nicholas Davis,,,,Adapted from Print Issue,Thomas Philbeck,Nicholas Davis,,,3,Global Commons,,,
Foreword,/news/foreword-0,YES,ARGUMENT,1222019,1,22,2019,Klaus Schwab,,,,,Adapted from Print Issue,Klaus Schwab,,,,2,Global Commons,,,
Table of Contents,/news/table-contents-2,YES,GENERAL,2112020,2,11,2020,JIA Editorial Board,,,,,Adapted from Print Issue,JIA Editorial Board,,,,2,,,,
We Need a Brand New Architecture To Cover The Whole Scope of Mobility,/news/we-need-brand-new-architecture-cover-whole-scope-mobility,YES,ARGUMENT,12202018,12,20,2018,Michael Doyle,,,,,Adapted from Print Issue,Michael Doyle,,,,2,Global Commons,,,
Space Provides The Required Magnitude of Perspective. It Unites Us Towards Common Goals,/news/space-provides-required-magnitude-perspective-it-unites-us-towards-common-goals,YES,ARGUMENT,12202018,12,20,2018,Simonetta Di Pippo,,,,,Adapted from Print Issue,Simonetta Di Pippo,,,,2,Global Commons,,,
Advancing Human-Rights-By-Design In The Dual-Use Technology Industry,/news/advancing-human-rights-design-dual-use-technology-industry,YES,ARGUMENT,12202018,12,20,2018,Jonathon Penney,Sarah McKune,Lex Gill,Ronald J. Deibert,,Adapted from Print Issue,Jonathon Penney,Sarah McKune,Lex Gill,Ronald J. Deibert,5,Global Commons,,,
The Ungovernability of Digital Hate Culture,/news/ungovernability-digital-hate-culture,YES,ESSAY,12192018,12,19,2018,Bharath Ganesh,,,,,Adapted from Print Issue,Bharath Ganesh,,,,2,Global Commons,,,
Table of Contents,/news/table-contents-1,YES,GENERAL,2112020,2,11,2020,JIA Editorial Board,,,,,Adapted from Print Issue,JIA Editorial Board,,,,2,,,,
From the Archives: The Dangerous Rise of Populism - Global Attacks on Human Rights Values,/news/archives-dangerous-rise-populism-global-attacks-human-rights-values,YES,ARGUMENT,12102018,12,10,2018,Kenneth Roth,,,,,Produced for Digital,Kenneth Roth,,,,2,Global Commons,,,
A hammer in search of a nail: EU sanctions and the cyber domain,/news/hammer-search-nail-eu-sanctions-and-cyber-domain,YES,ESSAY,12062018,12,6,2018,Stefan Soesanto,,,,,Produced for Digital,Stefan Soesanto,,,,2,Europe,,,
China’s Arms Sales Philosophy in the Arab World,/news/chinas-arms-sales-philosophy-arab-world,YES,ARGUMENT,12032018,12,3,2018,Latifa A. Al Saud,,,,,Produced for Digital,Latifa A. Al Saud,,,,2,Asia,North Asia,Europe,
"The Job Terminator? Automation, Artificial Intelligence and the Future of Work",/news/job-terminator-automation-artificial-intelligence-and-future-work,YES,ARGUMENT,11302018,11,30,2018,Francisco L. Rivera-Batiz,,,,,Produced for Digital,Francisco L. Rivera-Batiz,,,,2,Global Commons,,,
The G20 in a Zero-Sum World,/news/g20-zero-sum-world,YES,ARGUMENT,11282018,11,28,2018,Roland Rajah,,,,,Produced for Digital,Roland Rajah,,,,2,Global Commons,,,
South Korea’s Options amidst a US-China Trade War: Opportunities and Risks,/news/south-koreas-options-amidst-us-china-trade-war-opportunities-and-risks,YES,ARGUMENT,11192018,11,19,2018,Seunghyun Han,,,,,Produced for Digital,Seunghyun Han,,,,2,Asia,North Asia,East Asia,Americas
From the Archives: The Geopolitics of People Power: The Pursuit of the Nation-State in East Central Europe,/news/archives-geopolitics-people-power-pursuit-nation-state-east-central-europe,YES,ESSAY,11162018,11,16,2018,Raymond Pearson,,,,,Adapted from Print Issue,Raymond Pearson,,,,2,Europe,Eastern Europe,Central Europe,
Sino-US Relations at a Crossroads: Shandong’s Importance at the Centenary of World War I,/news/sino-us-relations-crossroads-shandongs-importance-centenary-world-war-i,YES,ARGUMENT,11142018,11,14,2018,Vasilis Trigkas,,,,,Produced for Digital,Vasilis Trigkas,,,,2,Americas,North America,Asia,North Asia
Russia’s Mission,/news/russias-mission,YES,ARGUMENT,11142018,11,14,2018,Nicolai N. Petro,,,,,Produced for Digital,Nicolai N. Petro,,,,2,Asia,North Asia,Europe,Eastern Europe
From Berlin to Moscow,/news/berlin-moscow,YES,ESSAY,11132018,11,13,2018,René Albrecht-Carrié,,,,,Adapted from Print Issue,René Albrecht-Carrié,,,,2,Europe,Eastern Europe,Western Europe,
From World War I to Cold War II,/news/world-war-i-cold-war-ii,YES,COMMENT,11112018,11,11,2018,Richard K. Betts,,,,,Produced for Digital,Richard K. Betts,,,,2,Global Commons,,,
The Balance of Global Public and Private Power: A Tale of Two Worlds,/news/balance-global-public-and-private-power-tale-two-worlds,YES,ESSAY,11082018,11,8,2018,John Gerard Ruggie,,,,,Produced for Digital,John Gerard Ruggie,,,,2,Global Commons,,,
Is the West Pushing Moscow Toward Beijing's Arms?,/news/west-pushing-moscow-toward-beijings-arms,YES,ARGUMENT,10302018,10,30,2018,Ernesto Gallo,Bruno Sergi,,,,Produced for Digital,Ernesto Gallo,Bruno Sergi,,,3,Americas,Asia,North Asia,Europe
From the Archives: Access For All - The Future for Afghanistan,/news/archives-access-all-future-afghanistan,YES,ESSAY,10252018,10,25,2018,Shaharzad Akbar,,,,,Produced for Digital,Shaharzad Akbar,,,,2,Middle East,,,
Orthodox Schism Reveals Political Dynamics in Russia and Ukraine,/news/orthodox-schism-reveals-political-dynamics-russia-and-ukraine,YES,COMMENT,10242018,10,24,2018,Amy Fallas,,,,,Produced for Digital,Amy Fallas,,,,2,Europe,Eastern Europe,Asia,North Asia
From the Archives: An Interview with Lakhdar Brahimi,/news/archives-interview-lakhdar-brahimi,YES,FEATURE,10232018,10,23,2018,Mary Sack,Cyrus Samii,,,,Produced for Digital,Mary Sack,Cyrus Samii,,,3,Middle East,Global Commons,,
"Risking Democracy in Afghanistan: Voting, Violence, and the Struggle for Parliament",/news/risking-democracy-afghanistan-voting-violence-and-struggle-parliament,YES,ARGUMENT,10192018,10,19,2018,Robert D. Crews,,,,,Produced for Digital,Robert D. Crews,,,,2,Middle East,,,
From the Archives: Post-Cold War State Disintegration: The Failure of International Conflict Resolution in Afghanistan,/news/archives-post-cold-war-state-disintegration-failure-international-conflict-resolution,YES,ESSAY,10182018,10,18,2018,Barnett R. Rubin,,,,,Produced for Digital,Barnett R. Rubin,,,,2,Middle East,,,
U.S. Foreign Policy: From the Force of Politics to the Politics of Force,/news/us-foreign-policy-force-politics-politics-force,YES,ARGUMENT,10112018,10,11,2018,Michal Bokša,Caitlyn Hendricks-Costello,,,,Produced for Digital,Michal Bokša,Caitlyn Hendricks-Costello,,,3,Americas,North America,,
Trouble in Paradise: Oscar Temaru on Nuclear Testing and Independence Aspirations,/news/trouble-paradise-oscar-temaru-nuclear-testing-and-independence-aspirations,YES,ARGUMENT,10102018,10,10,2018,Oscar Temaru,,,,,Produced for Digital,Oscar Temaru,,,,2,Oceania,,,
Brazil En Route to Authoritarianism Following First Round of Elections,/news/brazil-en-route-authoritarianism-following-first-round-elections,YES,COMMENT,10102018,10,10,2018,Rogerio Schlegel,,,,,Produced for Digital,Rogerio Schlegel,,,,2,Americas,South America,,
Brazil's Sisyphean Election,/news/brazils-sisyphean-election,YES,COMMENT,10072018,10,7,2018,Andre Pagliarini,,,,,Produced for Digital,Andre Pagliarini,,,,2,Americas,South America,,
From the Archives: Regional Tendencies Rooted In Challenges Of The Past,/news/archives-regional-tendencies-rooted-challenges-past,YES,ARGUMENT,10062018,10,6,2018,JIA Editorial Board,,,,,Produced for Digital,JIA Editorial Board,,,,2,Global Commons,,,
From the Archives: New Directions For A More Prosperous Brazil,/news/archives-new-directions-more-prosperous-brazil,YES,ESSAY,10062018,10,6,2018,Thomas J. Trebat,,,,,Produced for Digital,Thomas J. Trebat,,,,2,Americas,South America,,
From the Archives: An Interview with Fernando Henrique Cardoso,/news/archives-interview-fernando-henrique-cardoso,YES,FEATURE,10042018,10,4,2018,Sara Regine Hassett,Christine Weyd,,,,Adapted from Print Issue,Sara Regine Hassett,Christine Weyd,,,3,Americas,South America,,
LAUNCH EVENT: Special Issue on Disinformation and Contentious Narratives,/news/launch-event-special-issue-disinformation-and-contentious-narratives,YES,ARGUMENT,9292018,9,29,2018,JIA Editorial Board,,,,,Adapted from Print Issue,JIA Editorial Board,,,,2,Global Commons,,,
From the Archives: The Special Issue,/news/archives-special-issue,YES,ESSAY,9262018,9,26,2018,Saul K. Padover,,,,,Produced for Digital,Saul K. Padover,,,,2,Global Commons,,,
The EU's Crisis Diplomacy In Ukraine: The Matrix of Possibilities,/news/eus-crisis-diplomacy-ukraine-matrix-possibilities,YES,ARGUMENT,9262018,9,26,2018,Natalia Chaban,Ben O'Loughlin,,,,Adapted from Print Issue,Natalia Chaban,Ben O'Loughlin,,,3,Europe,Eastern Europe,,
Information Warfare and Information Operations: Russian and U.S. Perspectives,/news/information-warfare-and-information-operations-russian-and-us-perspectives,YES,ARGUMENT,9252018,9,25,2018,Hans Klein,,,,,Adapted from Print Issue,Hans Klein,,,,2,Europe,Eastern Europe,Americas,North America
Master Narratives of Disinformation Campaigns,/news/master-narratives-disinformation-campaigns,YES,ESSAY,9242018,9,24,2018,Matthew Levinger,,,,,Adapted from Print Issue,Matthew Levinger,,,,2,Global Commons,,,
Russian Trolls and Fake News: Information or Identity Logics?,/news/russian-trolls-and-fake-news-information-or-identity-logics,YES,ARGUMENT,9242018,9,24,2018,Michael Jensen,,,,,Adapted from Print Issue,Michael Jensen,,,,2,Europe,Eastern Europe,Asia,North Asia
Cyber Rebellions: The Online Struggle for Openness,/news/cyber-rebellions-online-struggle-openness,YES,ARGUMENT,9212018,9,21,2018,Matthew J. Flynn,,,,,Adapted from Print Issue,Matthew J. Flynn,,,,2,Global Commons,,,
The Weaponization of Social Media: Spear Phishing and Cyberattacks on Democracy,/news/weaponization-social-media-spear-phishing-and-cyberattacks-democracy,YES,ARGUMENT,9202018,9,20,2018,Michael Bossetta,,,,,Adapted from Print Issue,Michael Bossetta,,,,2,Global Commons,,,
Robot Wars: How Bots Joined Battle in the Gulf,/news/robot-wars-how-bots-joined-battle-gulf,YES,ARGUMENT,9192018,9,19,2018,Ben Nimmo,,,,,Adapted from Print Issue,Ben Nimmo,,,,2,Middle East,,,
A New Approach to Assessing the Role of Technology in Spurring and Mitigating Conflict: Evidence From Research and Practice,/news/new-approach-assessing-role-technology-spurring-and-mitigating-conflict-evidence-research-and,YES,ARGUMENT,9182018,9,18,2018,Rachel Brown,Laura Livingston,,,,Adapted from Print Issue,Rachel Brown,Laura Livingston,,,3,Global Commons,,,
Contentious Narratives and Europe: Conspiracy Theories and Strategic Narratives Surrounding RT's Brexit News Coverage,/news/contentious-narratives-and-europe-conspiracy-theories-and-strategic-narratives-surrounding,YES,ARGUMENT,9172018,9,17,2018,Emma Flaherty,Laura Roselle,,,,Adapted from Print Issue,Emma Flaherty,Laura Roselle,,,3,Europe,Eastern Europe,Asia,North Asia
"Dangerous Speech, Anti-Muslim Violence, and Facebook in Myanmar",/news/dangerous-speech-anti-muslim-violence-and-facebook-myanmar,YES,ARGUMENT,9172018,9,17,2018,Christina Fink,,,,,Adapted from Print Issue,Christina Fink,,,,2,Asia,South East Asia,,
Digital Marketing In The Disinformation Age,/news/digital-marketing-disinformation-age,YES,ARGUMENT,9172018,9,17,2018,Douglas Guilbeault,,,,,Adapted from Print Issue,Douglas Guilbeault,,,,2,Global Commons,,,
The Global Organization of Social Media Disinformation Campaigns,/news/global-organization-social-media-disinformation-campaigns,YES,ARGUMENT,9172018,9,17,2018,Philip N. Howard,Samantha Bradshaw,,,,Adapted from Print Issue,Philip N. Howard,Samantha Bradshaw,,,3,Global Commons,,,
The New Global Landscape: Illiberal Regimes and Movements,/news/new-global-landscape-illiberal-regimes-and-movements,YES,ARGUMENT,9172018,9,17,2018,Ambassador John Shattuck,,,,,Adapted from Print Issue,Ambassador John Shattuck,,,,2,Global Commons,,,
Foreword,/news/foreword,YES,ARGUMENT,1222019,1,22,2019,Steven Livingston,,,,,Adapted from Print Issue,Steven Livingston,,,,2,Global Commons,,,
Table of Contents,/news/table-contents-0,YES,GENERAL,2112020,2,11,2020,JIA Editorial Board,,,,,Adapted from Print Issue,JIA Editorial Board,,,,2,,,,
The U.S.-India 2+2 Dialogue,/news/us-india-22-dialogue,YES,COMMENT,9032018,9,3,2018,Aayush Mohanty,,,,,Produced for Digital,Aayush Mohanty,,,,2,Americas,North America,Asia,South Asia
The Future of Indian Deterrence in Space,/news/future-indian-deterrence-space,YES,ARGUMENT,8212018,8,21,2018,Rahul Krishna,Radhika Chhabra,,,,Produced for Digital,Rahul Krishna,Radhika Chhabra,,,3,Asia,South Asia,,
Debunking the Asian Century Myth,/news/debunking-asian-century-myth,YES,ARGUMENT,8102018,8,10,2018,Advaya Hari Singh,,,,,Produced for Digital,Advaya Hari Singh,,,,2,Asia,,,
United States and Iran: Confrontation or Dialogue?,/news/united-states-and-iran-confrontation-or-dialogue,YES,ARGUMENT,8082018,8,8,2018,Kaveh L. Afrasiabi,Nader Entessar,,,,Produced for Digital,Kaveh L. Afrasiabi,Nader Entessar,,,3,Americas,North America,Middle East,
Samsung in India,/news/samsung-india,YES,COMMENT,8032018,8,3,2018,Debalina Ghoshal,,,,,Produced for Digital,Debalina Ghoshal,,,,2,Asia,South Asia,East Asia,
Resettling the White Helmets: A Dangerous Foreign Policy Precedent for Health in Syria,/news/resettling-white-helmets-dangerous-foreign-policy-precedent-health-syria,YES,ARGUMENT,8022018,8,2,2018,Vageesh Jain,,,,,Produced for Digital,Vageesh Jain,,,,2,Middle East,,,
"Pakistan: Militancy, the Transition to Democracy and Future Relations with the United States",/news/pakistan-militancy-transition-democracy-and-future-relations-united-states,YES,ESSAY,7252018,7,25,2018,Saeed Shafqat,,,,,Adapted from Print Issue,Saeed Shafqat,,,,2,Asia,South Asia,Americas,North America
The Wrong Model: Libya and the U.S.-North Korea Negotiations,/news/wrong-model-libya-and-us-north-korea-negotiations,YES,ARGUMENT,7202018,7,20,2018,Brian Choquette,,,,,Produced for Digital,Brian Choquette,,,,2,Africa,North Africa,Americas,Asia
The Dragon's Increasing Supremacy in the Indian Ocean,/news/dragons-increasing-supremacy-indian-ocean,YES,COMMENT,7182018,7,18,2018,Mridul Jha,,,,,Produced for Digital,Mridul Jha,,,,2,Asia,North Asia,South Asia,
Shoring Up a Democracy Under Siege,/news/shoring-democracy-under-siege,YES,ESSAY,7132018,7,13,2018,Laleh Ispahani,Sarah R. Knight,,,,Adapted from Print Issue,Laleh Ispahani,Sarah R. Knight,,,3,Americas,North America,,
India's Choice: Bilateral and Quadrilateral?,/news/indias-choice-bilateral-and-quadrilateral,YES,ARGUMENT,6292018,6,29,2018,Aayush Mohanty,,,,,Produced for Digital,Aayush Mohanty,,,,2,Asia,South Asia,,
Table of Contents: The Democracy Issue,/news/table-contents-democracy-issue,YES,GENERAL,6242018,6,24,2018,JIA Editorial Board,,,,,Adapted from Print Issue,JIA Editorial Board,,,,2,,,,
"Colombia, A Laboratory For History",/news/colombia-laboratory-history,YES,ARGUMENT,6232018,6,23,2018,Juan Manuel Santos,,,,,Adapted from Print Issue,Juan Manuel Santos,,,,2,Americas,South America,,
Hong Kong-Filipino Deadlock Over Filipino Domestic Helper Issues,/news/hong-kong-filipino-deadlock-over-filipino-domestic-helper-issues,YES,COMMENT,6222018,6,22,2018,Jason Hung,,,,,Produced for Digital,Jason Hung,,,,2,Asia,North Asia,South East Asia,
How Big Data is Changing Democracy,/news/how-big-data-changing-democracy,YES,ESSAY,6222018,6,22,2018,Venkat Motupalli,,,,,Adapted from Print Issue,Venkat Motupalli,,,,2,Global Commons,,,
Democracy in Europe is Being Reconsidered From Top To Bottom,/news/democracy-europe-being-reconsidered-top-bottom,YES,ARGUMENT,6222018,6,22,2018,Sheri Berman,,,,,Adapted from Print Issue,Sheri Berman,,,,2,Europe,,,
Afghanistan and the International Criminal Court: A Gender Perspective,/news/afghanistan-and-international-criminal-court-gender-perspective,YES,ARGUMENT,6202018,6,20,2018,Tiran Rahimian,,,,,Produced for Digital,Tiran Rahimian,,,,2,Middle East,,,
Democratic Blending: The New Model of Dictatorships in Latin America,/news/democratic-blending-new-model-dictatorships-latin-america,YES,ARGUMENT,6122018,6,12,2018,Jose Mauricio Gaona,,,,,Produced for Digital,Jose Mauricio Gaona,,,,2,Americas,South America,,
Kenya's Identity Crisis,/news/kenyas-identity-crisis,YES,ARGUMENT,6082018,6,8,2018,Noorulain Khawaja,,,,,Produced for Digital,Noorulain Khawaja,,,,2,Africa,East Africa,,
Digital Media Revolution and the Iron Fist: The Online Media Landscape in Personalist Governments,/news/digital-media-revolution-and-iron-fist-online-media-landscape-personalist-governments,YES,ARGUMENT,6072018,6,7,2018,Camille Laurente,,,,,Produced for Digital,Camille Laurente,,,,2,Global Commons,,,
"The Internet, Regime Breakdown, and Democratization: Lessons from Tunisia",/news/internet-regime-breakdown-and-democratization-lessons-tunisia,YES,ARGUMENT,6042018,6,4,2018,Rachel Vanderhill,,,,,Produced for Digital,Rachel Vanderhill,,,,2,Africa,North Africa,,
Imprisoned Kurdish Leader Could Be the Kingmaker in Turkish Elections,/news/imprisoned-kurdish-leader-could-be-kingmaker-turkish-elections,YES,ARGUMENT,5232018,5,23,2018,Huseyin Tunc,Haluk Baran Bingol,,,,Produced for Digital,Huseyin Tunc,Haluk Baran Bingol,,,3,Middle East,Europe,Eastern Europe,
The Art of the Deal: Speaking Trump’s language to advise him on the hamburger summit,/news/art-deal-speaking-trumps-language-advise-him-hamburger-summit,YES,ARGUMENT,5092018,5,9,2018,Katrin Katz,,,,,Produced for Digital,Katrin Katz,,,,2,Americas,North America,,
Reexamining the Terrorism-Poverty Nexus,/news/reexamining-terrorism-poverty-nexus,YES,ARGUMENT,4292018,4,29,2018,Marc-Olivier Cantin,,,,,Produced for Digital,Marc-Olivier Cantin,,,,2,Global Commons,,,
The Politics of Demography in the Israeli-Palestinian Conflict,/news/politics-demography-israeli-palestinian-conflict,YES,ARGUMENT,4272018,4,27,2018,Noorulain Khawaja,,,,,Produced for Digital,Noorulain Khawaja,,,,2,Middle East,,,
"In Libya, Skip National and Link Local to External",/news/libya-skip-national-and-link-local-external,YES,COMMENT,4272018,4,27,2018,Marc Dominianni,,,,,Produced for Digital,Marc Dominianni,,,,2,Africa,North Africa,,
A Purposive Reading of ‘Non-Penalization’ under Article 31(1) of the Refugee Convention,/news/purposive-reading-non-penalization-under-article-311-refugee-convention,YES,ARGUMENT,4192018,4,19,2018,Jenny Poon,,,,,Produced for Digital,Jenny Poon,,,,2,Global Commons,,,
U.S. Space Policy and Strategic Culture,/news/us-space-policy-and-strategic-culture,YES,ESSAY,4162018,4,16,2018,Nayef R. F. Al-Rodhan,,,,,Produced for Digital,Nayef R. F. Al-Rodhan,,,,2,Americas,North America,,
Brest-Litovsk and the Lessons Putin Should Learn,/news/brest-litovsk-and-lessons-putin-should-learn,YES,COMMENT,3292018,3,29,2018,Justin Leopold-Cohen,,,,,Produced for Digital,Justin Leopold-Cohen,,,,2,Europe,Eastern Europe,Asia,North Asia
Countering Iraq’s Anti-Shelter Policy in the Islamic State Era,/news/countering-iraqs-anti-shelter-policy-islamic-state-era,YES,ARGUMENT,3282018,3,28,2018,Lisa Davis,,,,,Adapted from Print Issue,Lisa Davis,,,,2,Middle East,,,
Empire in Denial: Undermining Afghanistan’s Statebuilding Process,/news/empire-denial-undermining-afghanistans-statebuilding-process,YES,ARGUMENT,3232018,3,23,2018,Adam Simpson,,,,,Produced for Digital,Adam Simpson,,,,2,Middle East,,,
Preparing for a Data-Driven Revolution in Liberia,/news/preparing-data-driven-revolution-liberia,YES,ARGUMENT,3142018,3,14,2018,Olivier Alais,Daniel Nogueira-Budny,,,,Produced for Digital,Olivier Alais,Daniel Nogueira-Budny,,,3,Africa,West Africa,,
The Olympic Battle for the Human Rights Narrative,/news/olympic-battle-human-rights-narrative,YES,ARGUMENT,3062018,3,6,2018,Andrew Elliott Cha,,,,,Produced for Digital,Andrew Elliott Cha,,,,2,Global Commons,,,
Trump and the Iran Nuclear Accord: The Legal Hurdles,/news/trump-and-iran-nuclear-accord-legal-hurdles,YES,ARGUMENT,2282018,2,28,2018,Kaveh L. Afrasiabi,,,,,Produced for Digital,Kaveh L. Afrasiabi,,,,2,Americas,North America,Middle East,
Turkey and the U.S. on the Brink in Syria,/news/turkey-and-us-brink-syria,YES,ARGUMENT,2272018,2,27,2018,Buddhika Jayamaha,Maj. Jahara Matisek,,,,Produced for Digital,Buddhika Jayamaha,Maj. Jahara Matisek,,,3,Europe,Eastern Europe,Middle East,
Romania’s Struggles: Between Democratic Training Wheels and Victimhood Citizenship,/news/romanias-struggles-between-democratic-training-wheels-and-victimhood-citizenship,YES,ARGUMENT,2142018,2,14,2018,Georgiana Constantin,,,,,Produced for Digital,Georgiana Constantin,,,,2,Europe,Eastern Europe,,
Afghans Look to Trump for Protection,/news/afghans-look-trump-protection,YES,COMMENT,2022018,2,2,2018,Camelia Entekhabifard,,,,,Produced for Digital,Camelia Entekhabifard,,,,2,Middle East,,,
Repealing the Debt Sentence for Puerto Rico,/news/repealing-debt-sentence-puerto-rico,YES,ARGUMENT,1302018,1,30,2018,Poorvi Goel,,,,,Produced for Digital,Poorvi Goel,,,,2,Americas,Caribbean,,
Winning the Cyber War,/news/winning-cyber-war,YES,ARGUMENT,1292018,1,29,2018,Matthew Flynn,,,,,Produced for Digital,Matthew Flynn,,,,2,Global Commons,Americas,North America,
The Iran Deal: The Case for Cooperation under the International System,/news/iran-deal-case-cooperation-under-international-system,YES,ARGUMENT,1232018,1,23,2018,Sina Azodi,,,,,Produced for Digital,Sina Azodi,,,,2,Middle East,Americas,North America,
Damming Developments on the Nile,/news/damming-developments-nile,YES,ARGUMENT,1172018,1,17,2018,Panagiotis Skiadas,,,,,Produced for Digital,Panagiotis Skiadas,,,,2,Africa,North Africa,,
Global Threat Convergence & the Crime-Terror Nexus,/news/global-threat-convergence-crime-terror-nexus,YES,COMMENT,12012017,12,1,2017,Justin Leopold-Cohen,,,,,Produced for Digital,Justin Leopold-Cohen,,,,2,Global Commons,,,
A New Deal for Japan's Foreign Workers,/news/new-deal-japans-foreign-workers,YES,ARGUMENT,11282017,11,28,2017,Dhriti Mehta,,,,,Produced for Digital,Dhriti Mehta,,,,2,Asia,East Asia,,
Talking China: In Conversation with Andrew Nathan,/news/talking-china-conversation-andrew-nathan,YES,ARGUMENT,11222017,11,22,2017,Philip Hsu,,,,,Produced for Digital,Philip Hsu,,,,2,Asia,North Asia,,
Senate Wants to Ramp up Blame on Russian Cyber Attacks,/news/senate-wants-ramp-blame-russian-cyber-attacks,YES,COMMENT,10042017,10,4,2017,Nicole Softness,,,,,Produced for Digital,Nicole Softness,,,,2,Americas,North America,,
Why Suu Kyi’s Title as a Nobel Laureate Should Be Revoked,/news/why-suu-kyis-title-nobel-laureate-should-be-revoked,YES,ARGUMENT,10032017,10,3,2017,Huseyin Tunc,,,,,Produced for Digital,Huseyin Tunc,,,,2,Asia,South East Asia,,
Understanding Radicalization Through the Lens of ‘Identity Vulnerability’,/news/understanding-radicalization-through-lens-identity-vulnerability,YES,ARGUMENT,9292017,9,29,2017,Christy Grace Provines,,,,,Produced for Digital,Christy Grace Provines,,,,2,Global Commons,,,
Beneficial Ownership Disclosure: The Cure for the Panama Papers Ills,/news/beneficial-ownership-disclosure-cure-panama-papers-ills,YES,ESSAY,9222017,9,22,2017,Jenik Radon,Mahima Achuthan,,,,Adapted from Print Issue,Jenik Radon,Mahima Achuthan,,,3,Global Commons,,,
Let’s Not Forget the Unanswered Questions about American Democracy,/news/lets-not-forget-unanswered-questions-about-american-democracy,YES,ARGUMENT,9202017,9,20,2017,Nicholas R. Smith,,,,,Produced for Digital,Nicholas R. Smith,,,,2,Americas,North America,,
Revisiting the Rural Energy Challenge in Developing Countries,/news/revisiting-rural-energy-challenge-developing-countries,YES,ARGUMENT,8292017,8,29,2017,Arsalan Ali Farooquee,,,,,Produced for Digital,Arsalan Ali Farooquee,,,,2,Global Commons,,,
Counterterrorism is Increasingly About Winning Hearts and Minds,/news/counterterrorism-increasingly-about-winning-hearts-and-minds,YES,ARGUMENT,8032017,8,3,2017,Christy Grace Provines,,,,,Produced for Digital,Christy Grace Provines,,,,2,Global Commons,,,
"Five Years On, Where Does Abe’s ‘Womenomics’ Stand?",/news/five-years-where-does-abes-womenomics-stand,YES,ARGUMENT,7302017,7,30,2017,Vindu Mai Chotani,,,,,Produced for Digital,Vindu Mai Chotani,,,,2,Asia,East Asia,,
The EU's Popularity is Challenged in its Neighborhood,/news/eus-popularity-challenged-its-neighborhood,YES,ARGUMENT,7282017,7,28,2017,Michal Boksa,,,,,Produced for Digital,Michal Boksa,,,,2,Europe,,,
The War on Globalization,/news/war-globalization,YES,COMMENT,7212017,7,21,2017,C. Fred Bergsten,,,,,Adapted from Print Issue,C. Fred Bergsten,,,,2,Global Commons,,,
Europe’s Failed Experiment in Regional Cooperation?,/news/europes-failed-experiment-regional-cooperation,YES,COMMENT,7152017,7,15,2017,Guy Verhofstadt,,,,,Adapted from Print Issue,Guy Verhofstadt,,,,2,Europe,,,
Artificial Intelligence is Set to Question our Identity and Privacy,/news/artificial-intelligence-set-question-our-identity-and-privacy,YES,ARGUMENT,7152017,7,15,2017,Nicole Softness,,,,,Produced for Digital,Nicole Softness,,,,2,Global Commons,,,
We’ve Been Here Before: The Durability of Multilateralism,/news/state-power-and-staying-power-infrastructural-mechanisms-and-authoritarian-durability,YES,ARGUMENT,7112017,7,11,2017,David Bosco,,,,,Adapted from Print Issue,David Bosco,,,,2,Global Commons,,,
End Times Diplomacy at the UN?,/news/end-times-diplomacy-un,YES,ESSAY,7112017,7,11,2017,Richard Gowan,,,,,Adapted from Print Issue,Richard Gowan,,,,2,Global Commons,,,
Natural and Quasi-Natural Experiments to Evaluate Cybersecurity Policies,/news/natural-and-quasi-natural-experiments-evaluate-cybersecurity-policies,YES,ESSAY,7042017,7,4,2017,Benjamin Dean,,,,,Adapted from Print Issue,Benjamin Dean,,,,2,Global Commons,,,
Honing Cyber Attribution,/news/honing-cyber-attribution,YES,ESSAY,7042017,7,4,2017,Justin Key Canfil,,,,,Adapted from Print Issue,Justin Key Canfil,,,,2,Global Commons,,,
Is Cyber Defense Possible?,/news/cyber-defense-possible,YES,ARGUMENT,7042017,7,4,2017,Sorin Ducaru,,,,,Adapted from Print Issue,Sorin Ducaru,,,,2,Global Commons,,,
The Consequences of Cyber Attacks,/news/consequences-cyber-attacks,YES,ARGUMENT,6232017,6,23,2017,Toomas Hendrik Ilves,,,,,Adapted from Print Issue,Toomas Hendrik Ilves,,,,2,Global Commons,,,
A Crisis of Confidentiality: A Review of 'Lords of Secrecy' by Scott Horton,/news/crisis-confidentiality-review-lords-secrecy-scott-horton,YES,BOOK REVIEW,6232017,6,23,2017,Bebe Santa-Wood,,,,,Adapted from Print Issue,Bebe Santa-Wood,,,,2,Americas,North America,,
The Revolution That Global Health Security Needs,/news/revolution-global-health-security-needs,YES,ARGUMENT,6042017,6,4,2017,Dr. John Meara,Brian Till,,,,Produced for Digital,Dr. John Meara,Brian Till,,,3,Global Commons,,,
The Risk of Cyber War and Cyber Terrorism,/news/risk-cyber-war-and-cyber-terrorism,YES,ARGUMENT,6012017,6,1,2017,Richard A. Clarke,,,,,Adapted from Print Issue,Richard A. Clarke,,,,2,Global Commons,,,
Did Fears Surrounding the Iran Deal Really Come True?,/news/did-fears-surrounding-iran-deal-really-come-true,YES,ARGUMENT,5292017,5,29,2017,Farhad Rezaei,,,,,Produced for Digital,Farhad Rezaei,,,,2,Americas,North America,Middle East,
Germany's Domestic Politics Complicate the Greek Debt Crisis,/news/germanys-domestic-politics-complicate-greek-debt-crisis,YES,ARGUMENT,5292017,5,29,2017,Andrew H. Ntapalis,,,,,Produced for Digital,Andrew H. Ntapalis,,,,2,Europe,Western Europe,Eastern Europe,
How Ballistic Missile Defence is Holding Back the Fissile Material Cut-off Treaty,/news/how-ballistic-missile-defence-holding-back-fissile-material-cut-treaty,YES,ARGUMENT,4182017,4,18,2017,Debalina Ghoshal,,,,,Produced for Digital,Debalina Ghoshal,,,,2,Global Commons,,,
New Priorities of Uzbekistan,/news/new-priorities-uzbekistan,YES,ARGUMENT,4172017,4,17,2017,Mirzokhid Rakhimov,,,,,Produced for Digital,Mirzokhid Rakhimov,,,,2,Asia,Central Asia,,
Turning Science Fiction Into Reality: A Review of Dark Territory by Fred Kaplan,/news/turning-science-fiction-reality-review-dark-territory-fred-kaplan,YES,BOOK REVIEW,4132017,4,13,2017,Debashree Poddar,,,,,Adapted from Print Issue,Debashree Poddar,,,,2,Global Commons,,,
Inside the Digital Revolution,/news/inside-digital-revolution,YES,ESSAY,4062017,4,6,2017,Heather Brooke,,,,,Adapted from Print Issue,Heather Brooke,,,,2,Global Commons,,,
Covering Cyber—A Journalist’s Inside Look,/news/covering-cyber-journalists-inside-look,YES,ARGUMENT,4062017,4,6,2017,Kim Zetter,,,,,Adapted from Print Issue,Kim Zetter,,,,2,Global Commons,,,
"ISIS, The Bundy Ranch, and Nazis on Twitter: How Social Media Makes Us Extremists and What To Do About It",/news/isis-bundy-ranch-and-nazis-twitter-how-social-media-makes-us-extremists-and-what-do-about-it,YES,ARGUMENT,4012017,4,1,2017,Sara Lind,,,,,Produced for Digital,Sara Lind,,,,2,Europe,Western Europe,Middle East,Global Commons
"Terrorist Communications: Are Facebook, Twitter, and Google Responsible for the Islamic State’s Actions?",/news/terrorist-communications-are-facebook-twitter-and-google-responsible-islamic-states-actions,YES,ESSAY,3302017,3,30,2017,Nicole Softness,,,,,Adapted from Print Issue,Nicole Softness,,,,2,Global Commons,Middle East,,
Explaining Russia Through Putin: A Review of The New Tsar by Steven Lee Myers,/news/explaining-russia-through-putin-review-new-tsar-steven-lee-myers,YES,BOOK REVIEW,3232017,3,23,2017,Ross Carstens,,,,,Adapted from Print Issue,Ross Carstens,,,,2,Europe,Eastern Europe,Asia,North Asia
A Non-State Strategy for Saving Cyberspace,/news/non-state-strategy-saving-cyberspace,YES,ARGUMENT,3232017,3,23,2017,Jason Healey,,,,,Adapted from Print Issue,Jason Healey,,,,2,Global Commons,,,
Arms Races in Transparency and Secrecy,/news/arms-races-transparency-and-secrecy,YES,ARGUMENT,3232017,3,23,2017,Glenn Greenwald,,,,,Adapted from Print Issue,Glenn Greenwald,,,,2,Global Commons,,,
China in Africa: The Diplomatic New Normal,/news/china-africa-diplomatic-new-normal,YES,ARGUMENT,3152017,3,15,2017,Yong Deng,,,,,Produced for Digital,Yong Deng,,,,2,Asia,North Asia,Africa,
The U.S. Response to Today’s Global Order and Tomorrow’s Threats,/news/us-response-todays-global-order-and-tomorrows-threats,YES,ARGUMENT,3152017,3,15,2017,Richard Fontaine,,,,,Adapted from Print Issue,Richard Fontaine,,,,2,Americas,North America,,
Why Democracies Are at a Disadvantage in Cyber Wars,/news/why-democracies-are-disadvantage-cyber-wars,YES,ARGUMENT,3152017,3,15,2017,Moisés Naím,,,,,Adapted from Print Issue,Moisés Naím,,,,2,Global Commons,,,
The Dangerous Rise of Populism: Global Attacks on Human Rights Values,/news/archives-dangerous-rise-populism-global-attacks-human-rights-values,YES,ARGUMENT,3152017,3,15,2017,Kenneth Roth,,,,,Adapted from Print Issue,Kenneth Roth,,,,2,Global Commons,,,
The Global Youth Boom Is Here,/news/global-youth-boom-here,YES,ARGUMENT,3152017,3,15,2017,Kristin M. Lord,,,,,Adapted from Print Issue,Kristin M. Lord,,,,2,Global Commons,,,
Global Health in a Populist and Nationalist Age,/news/global-health-populist-and-nationalist-age,YES,ARGUMENT,3152017,3,15,2017,Laurie Garrett,,,,,Adapted from Print Issue,Laurie Garrett,,,,2,Global Commons,,,
Moving Climate From the Crosshairs to the Crossroads,/news/moving-climate-crosshairs-crossroads,YES,ARGUMENT,3152017,3,15,2017,Robert C. Orr,,,,,Adapted from Print Issue,Robert C. Orr,,,,2,Global Commons,,,
What Will it Take to Achieve the Sustainable Development Goals?,/news/what-will-it-take-achieve-sustainable-development-goals,YES,ARGUMENT,3152017,3,15,2017,Helen Clark,,,,,Adapted from Print Issue,Helen Clark,,,,2,Global Commons,,,
The Future of Economic and Financial Globalization,/news/future-economic-and-financial-globalization,YES,ARGUMENT,3152017,3,15,2017,Mohamed A. El-Erian,,,,,Adapted from Print Issue,Mohamed A. El-Erian,,,,2,Global Commons,,,
The Shifting Sands of Global Order,/news/shifting-sands-global-order,YES,ARGUMENT,3152017,3,15,2017,Shlomo Ben-Ami,,,,,Adapted from Print Issue,Shlomo Ben-Ami,,,,2,Global Commons,,,
War Must Not Become the New Normal,/news/war-must-not-become-new-normal,YES,ARGUMENT,3152017,3,15,2017,Jean-Marie Guéhenno,,,,,Adapted from Print Issue,Jean-Marie Guéhenno,,,,2,Global Commons,,,
The Return of Anarchy?,/news/return-anarchy,YES,ARGUMENT,3152017,3,15,2017,Anne-Marie Slaughter,,,,,Adapted from Print Issue,Anne-Marie Slaughter,,,,2,Global Commons,,,
The Evolving Cybersecurity Regulatory Environment: Tracking Current Trends and Staying Ahead of the Curve,/news/evolving-cybersecurity-regulatory-environment-tracking-current-trends-and-staying-ahead-curve,YES,ARGUMENT,3132017,3,13,2017,Natasha Cohen,,,,,Produced for Digital,Natasha Cohen,,,,2,Global Commons,,,
Will Georgia`s NATO Dream Come to a Halt in Trump Era?,/news/will-georgias-nato-dream-come-halt-trump-era,YES,ARGUMENT,3102017,3,10,2017,Tamar Kekenadze,,,,,Produced for Digital,Tamar Kekenadze,,,,2,Asia,West Asia,Americas,North America
Attribution of Malicious Cyber Incidents: From Soup to Nuts,/news/attribution-malicious-cyber-incidents-soup-nuts,YES,ESSAY,3092017,3,9,2017,Herbert Lin,,,,,Adapted from Print Issue,Herbert Lin,,,,2,Global Commons,,,
Alumni Reflections: Journalism in the Age of the Internet,/news/alumni-reflections-journalism-age-internet,YES,ARGUMENT,2212017,2,21,2017,Glenn Kessler,,,,,Produced for Digital,Glenn Kessler,,,,2,Global Commons,,,
"Iran Waits for President Trump: The Winners, the Losers, and the Uncertain",/news/iran-waits-president-trump-winners-losers-and-uncertain,YES,ARGUMENT,2162017,2,16,2017,Farhad Rezaei,,,,,Produced for Digital,Farhad Rezaei,,,,2,Americas,North America,Middle East,
Reconsidering SYRIZA’s Education Policy,/news/reconsidering-syrizas-education-policy,YES,ARGUMENT,2152017,2,15,2017,Andrew H. Ntapalis,,,,,Produced for Digital,Andrew H. Ntapalis,,,,2,Europe,Eastern Europe,,
Toward Practical Cyber Counter Deception,/news/toward-practical-cyber-counter-deception,YES,ESSAY,2092017,2,9,2017,Christopher Porter,,,,,Adapted from Print Issue,Christopher Porter,,,,2,Global Commons,,,
Eliminating the Iran Deal is Counterproductive for Trump,/news/eliminating-iran-deal-counterproductive-trump,YES,ARGUMENT,2022017,2,2,2017,Farhad Rezaei,,,,,Produced for Digital,Farhad Rezaei,,,,2,Americas,North America,Middle East,
"Social Media, Civic Engagement, and the Slacktivism Hypothesis: Lessons From Mexico’s “El Bronco”",/news/social-media-civic-engagement-and-slacktivism-hypothesis-lessons-mexicos-el-bronco,YES,ESSAY,1292017,1,29,2017,Philip N. Howard,Saiph Savage,Claudia Flores Saviaga,"Carlos Toxtli, Andrés Monroy-Hernández",,Adapted from Print Issue,Philip N. Howard,Saiph Savage,Claudia Flores Saviaga,"Carlos Toxtli, Andrés Monroy-Hernández",5,Americas,North America,,
How the Next U.S. President Can Contain China in Cyberspace,/news/how-next-us-president-can-contain-china-cyberspace,YES,ARGUMENT,1292017,1,29,2017,Rob Knake,Adam Segal,,,,Adapted from Print Issue,Rob Knake,Adam Segal,,,3,Americas,North America,Asia,North Asia
U.S. Foreign Policy and the Russian Challenge: Is a Trump Reset Possible?,/news/us-foreign-policy-and-russian-challenge-trump-reset-possible,YES,ARGUMENT,1212017,1,21,2017,Grigory Khakimov,,,,,Produced for Digital,Grigory Khakimov,,,,2,Americas,North America,Europe,Eastern Europe
Turning Brazil into an Open Knowledge Society,/news/turning-brazil-open-knowledge-society,YES,ARGUMENT,1202017,1,20,2017,Olivier Alais,,,,,Produced for Digital,Olivier Alais,,,,2,Americas,South America,,
Does India Have Options in Tackling Pakistan?,/news/does-india-have-options-tackling-pakistan,YES,ARGUMENT,1172017,1,17,2017,Vivek Mishra,,,,,Produced for Digital,Vivek Mishra,,,,2,Asia,South Asia,,
A Year Under Trudeau: The Fundamental Shifts in Canadian Foreign Policy,/news/year-under-trudeau-fundamental-shifts-canadian-foreign-policy,YES,ARGUMENT,12162016,12,16,2016,Marc-Olivier Cantin,,,,,Produced for Digital,Marc-Olivier Cantin,,,,2,Americas,North America,,
The One Enduring Agreement with North Korea: Kim Jong-Un is Crazy,/news/one-enduring-agreement-north-korea-kim-jong-un-crazy,YES,ARGUMENT,12032016,12,3,2016,Hyo Sung Joo,,,,,Produced for Digital,Hyo Sung Joo,,,,2,Asia,East Asia,,
Holding Killer Robots Accountable? The New Moral Challenge of 21st Century Warfare,/news/holding-killer-robots-accountable-new-moral-challenge-21st-century-warfare,YES,COMMENT,11202016,11,20,2016,Steven C. Roach,,,,,Produced for Digital,Steven C. Roach,,,,2,Global Commons,,,
The U.S. Government and Zero-Day Vulnerabilities: From Pre-Heartbleed to Shadow Brokers,/news/us-government-and-zero-day-vulnerabilities-pre-heartbleed-shadow-brokers,YES,ESSAY,11012016,11,1,2016,Jason Healey,,,,,Produced for Digital,Jason Healey,,,,2,Americas,North America,,
Attack on the Chinese Embassy in Kyrgyz Republic,/news/attack-chinese-embassy-kyrgyz-republic,YES,COMMENT,10312016,10,31,2016,Daniel Kadyrbekov,,,,,Produced for Digital,Daniel Kadyrbekov,,,,2,Asia,North Asia,Central Asia,
Beyond Rio 2016: Competing for the World Stage,/news/beyond-rio-2016-competing-world-stage,YES,ARGUMENT,10122016,10,12,2016,Sidney N. Nakahodo,,,,,Produced for Digital,Sidney N. Nakahodo,,,,2,Americas,South America,,
Too Late for Two States: The Benefits of Pivoting to a One-state Solution for Israel and Palestine,/news/too-late-two-states-benefits-pivoting-one-state-solution-israel-and-palestine,YES,ESSAY,6062016,6,6,2016,Sama Habib,,,,,Adapted from Print Issue,Sama Habib,,,,2,Middle East,,,
Searching for a Home: One Man’s Story of Survival in the Syrian Civil War,/news/searching-home-one-mans-story-survival-syrian-civil-war,YES,ARGUMENT,6062016,6,6,2016,Ahmed Danny Ramadan,,,,,Adapted from Print Issue,Ahmed Danny Ramadan,,,,2,Middle East,,,
An Interview with Ambassador William J. Burns on Iranian-American Negotiations,/news/interview-ambassador-william-j-burns-iranian-american-negotiations,YES,FEATURE,6062016,6,6,2016,Ambassador William J. Burns,,,,,Adapted from Print Issue,Ambassador William J. Burns,,,,2,Americas,North America,Middle East,
The Collapse of Saudi Arabia and the Cataclysmic Power Shift in the Middle East,/news/collapse-saudi-arabia-and-cataclysmic-power-shift-middle-east,YES,ARGUMENT,6062016,6,6,2016,Elihugh M. Abner,,,,,Adapted from Print Issue,Elihugh M. Abner,,,,2,Middle East,,,
Exclusion and Violence in Post-2003 Iraq,/news/exclusion-and-violence-post-2003-iraq,YES,ESSAY,5262016,5,26,2016,Yasir Kuoti,,,,,Adapted from Print Issue,Yasir Kuoti,,,,2,Middle East,,,
The Contagiousness of Regional Conflict: A Middle East Case Study,/news/contagiousness-regional-conflict-middle-east-case-study,YES,ESSAY,5262016,5,26,2016,Graeme P. Auton,Jacob R. Slobodien,,,,Adapted from Print Issue,Graeme P. Auton,Jacob R. Slobodien,,,3,Middle East,,,
"Peeling Away Lebanon’s Immunity to Revolution: A Review of ""The Politics of Sectarianism in Postwar Lebanon""",/news/peeling-away-lebanons-immunity-revolution-review-politics-sectarianism-postwar-lebanon,YES,BOOK REVIEW,5262016,5,26,2016,Seraina Eldada,,,,,Adapted from Print Issue,Seraina Eldada,,,,2,Middle East,,,
"Crackdowns and Detainments: A review of ""Media, Revolution and Politics in Egypt: The Story of an Uprising""",/news/crackdowns-and-detainments-review-media-revolution-and-politics-egypt-story-uprising,YES,BOOK REVIEW,5262016,5,26,2016,Sama Habib,,,,,Adapted from Print Issue,Sama Habib,,,,2,Africa,North Africa,,
"The Impact of the Muslim Brotherhood on the Changing Face of the Middle East: A Review of ""Inside The Brotherhood""",/news/impact-muslim-brotherhood-changing-face-middle-east-review-inside-brotherhood,YES,BOOK REVIEW,5262016,5,26,2016,Ian Gray,,,,,Adapted from Print Issue,Ian Gray,,,,2,Middle East,,,
"Negotiating Transition: A Review of ""Arab Spring: Negotiating in the Shadow of the Intifadat""",/news/negotiating-transition-review-arab-spring-negotiating-shadow-intifadat,YES,BOOK REVIEW,5262016,5,26,2016,Timothy Hodge,,,,,Adapted from Print Issue,Timothy Hodge,,,,2,Middle East,Africa,North Africa,
"Islamism and Its Inclinations: A Review of ""Islamism: What it Means for the Middle East and the World""",/news/islamism-and-its-inclinations-review-islamism-what-it-means-middle-east-and-world,YES,BOOK REVIEW,5262016,5,26,2016,Michael Small,,,,,Adapted from Print Issue,Michael Small,,,,2,Middle East,Global Commons,,
"An Insider’s View: A Review of ""Iran and the United States: An Insider’s View on the Failed Past and the Road to Peace""",/news/insiders-view-review-iran-and-united-states-insiders-view-failed-past-and-road-peace,YES,BOOK REVIEW,5262016,5,26,2016,Claudia Shrivastava,,,,,Adapted from Print Issue,Claudia Shrivastava,,,,2,Americas,North America,Middle East,
"The Sins of Our Fathers: A Review of ""Iraq and the Crimes of Aggressive War: The Legal Cynicism of Criminal Militarism""",/news/sins-our-fathers-review-iraq-and-crimes-aggressive-war-legal-cynicism-criminal-militarism,YES,BOOK REVIEW,5262016,5,26,2016,Elizabeth Trobaugh,,,,,Adapted from Print Issue,Elizabeth Trobaugh,,,,2,Middle East,,,
The Iran Nuclear Deal: A Structural Realist View,/news/iran-nuclear-deal-structural-realist-view,YES,ARGUMENT,4062016,4,6,2016,Henrietta Toivanen,,,,,Produced for Digital,Henrietta Toivanen,,,,2,Middle East,,,
African Merchants in China: The Mobile Phone Trade,/news/african-merchants-china-mobile-phone-trade,YES,ARGUMENT,3222016,3,22,2016,Ziyu Yvonne Yan,Zhan Guo,,,,Produced for Digital,Ziyu Yvonne Yan,Zhan Guo,,,3,Africa,Asia,North Asia,
Imagining the Future of Energy and Transportation,/news/imagining-future-energy-and-transportation,YES,ARGUMENT,2172016,2,17,2016,Judah Aber,,,,,Produced for Digital,Judah Aber,,,,2,Global Commons,,,
War and the Oil Price Cycle,/news/war-and-oil-price-cycle,YES,ESSAY,2142016,2,14,2016,Amy Jaffe,Jareer Elass,,,,Produced for Digital,Amy Jaffe,Jareer Elass,,,3,Global Commons,,,
An Identity Crisis in Nepal,/news/identity-crisis-nepal,YES,ARGUMENT,2062016,2,6,2016,David Caprara,,,,,Produced for Digital,David Caprara,,,,2,Asia,South Asia,,
The Impact of the U.S. Shale Boom in Africa,/news/impact-us-shale-boom-africa,YES,ESSAY,1012016,1,1,2016,Nancy E. Brune,,,,,Adapted from Print Issue,Nancy E. Brune,,,,2,Americas,North America,Africa,
Private Sector Potential: A Review of Natalie Ralph’s “Peacemaking and the Extractive Industries”,/news/private-sector-potential-review-natalie-ralphs-peacemaking-and-extractive-industries,YES,BOOK REVIEW,1012016,1,1,2016,Madeline Vellturo,,,,,Adapted from Print Issue,Madeline Vellturo,,,,2,Global Commons,,,
A Hotter Cold War,/news/hotter-cold-war,YES,ARGUMENT,1012016,1,1,2016,Eloy H.S. Oliveira,,,,,Adapted from Print Issue,Eloy H.S. Oliveira,,,,2,Americas,North America,Europe,Eastern Europe
Setting It Straight: Debunking Common Misperceptions of Oil and America’s Quest for Energy Independence,/news/setting-it-straight-debunking-common-misperceptions-oil-and-americas-quest-energy-independence,YES,ARGUMENT,1012016,1,1,2016,Michael J. Gibbons Jr.,,,,,Adapted from Print Issue,Michael J. Gibbons Jr.,,,,2,Americas,North America,,
Fossil Fuels: Manna from Heaven or Magma from Hell?,/news/fossil-fuels-manna-heaven-or-magma-hell,YES,ARGUMENT,1012016,1,1,2016,Syed Raza,,,,,Adapted from Print Issue,Syed Raza,,,,2,Global Commons,,,
"Democracy, Advocacy & the Missing 43: A Conversation with Mexican Human Rights Activist Miguel Pulido",/news/democracy-advocacy-missing-43-conversation-mexican-human-rights-activist-miguel-pulido,YES,ARGUMENT,11032015,11,3,2015,Laura Lehman,,,,,Produced for Digital,Laura Lehman,,,,2,Americas,North America,,
America’s Soviet Sweetheart: The Life of the ‘Billion Dollar Spy’,/news/americas-soviet-sweetheart-life-billion-dollar-spy,YES,ARGUMENT,10262015,10,26,2015,Steven J. Murphy,,,,,Produced for Digital,Steven J. Murphy,,,,2,Americas,North America,Europe,Eastern Europe
"Iran, the US, and Letter Diplomacy: From Private to Public Debate",/news/iran-us-and-letter-diplomacy-private-public-debate,YES,ARGUMENT,7312015,7,31,2015,Edward Wastnidge,,,,,Produced for Digital,Edward Wastnidge,,,,2,Middle East,Americas,North America,
From Argentina with Love: Why the next president will seek favor with Washington,/news/argentina-love-why-next-president-will-seek-favor-washington,YES,ARGUMENT,7272015,7,27,2015,Pablo Scuticchio,,,,,Produced for Digital,Pablo Scuticchio,,,,2,Americas,South America,,
"Forced Displacement, Concentration of Land Property, and the Rentier Political Economy in Colombia",/news/forced-displacement-concentration-land-property-and-rentier-political-economy-colombia,YES,ESSAY,4202015,4,20,2015,Nazih Richani,,,,,Produced for Digital,Nazih Richani,,,,2,Americas,South America,,
Between Propaganda and Public Relations: An Analysis of Bashar al-Assad’s Digital Communications Campaign,/news/between-propaganda-and-public-relations-analysis-bashar-al-assads-digital-communications,YES,ARGUMENT,3092015,3,9,2015,Giulia Prati,,,,,Produced for Digital,Giulia Prati,,,,2,Middle East,,,
"What Remained of the Revolution—Photos from Ukraine, May 2014",/news/what-remained-revolution-photos-ukraine-may-2014,YES,COMMENT,2232015,2,23,2015,Lydia Tomkiw,,,,,Produced for Digital,Lydia Tomkiw,,,,2,Europe,Eastern Europe,,
Why Civil Resistance May Not Work: Geopolitics and the Effectiveness of Ukraine’s Nonviolent Protests,/news/why-civil-resistance-may-not-work-geopolitics-and-effectiveness-ukraines-nonviolent-protests,YES,ARGUMENT,2182015,2,18,2015,Unislawa M. Williams,Mya Harvard,,,,Produced for Digital,Unislawa M. Williams,Mya Harvard,,,3,Europe,Eastern Europe,,
Protestify: Revolutionizing the Citizen Journalist,/news/protestify-revolutionizing-citizen-journalist,YES,COMMENT,11202014,11,20,2014,Rebecca Salima Krisel,,,,,Produced for Digital,Rebecca Salima Krisel,,,,2,Global Commons,,,
Creeping Sharia or Conspicuous Islamophobia?,/news/creeping-sharia-or-conspicuous-islamophobia,YES,ARGUMENT,10282014,10,28,2014,Faisal Kutty,,,,,Produced for Digital,Faisal Kutty,,,,2,Middle East,,,
"Hong Kong Demands Democracy: An interview with Michael Davis, University of Hong Kong",/news/hong-kong-demands-democracy-interview-michael-davis-university-hong-kong,YES,FEATURE,10142014,10,14,2014,JIA Editorial Board,,,,,Produced for Digital,JIA Editorial Board,,,,2,Asia,North Asia,,
Video: Seeds of Time Documentary Trailer,/news/video-seeds-time-documentary-trailer,YES,COMMENT,4212014,4,21,2014,Cary Fowler,Sandy McLeod,,,,Produced for Digital,Cary Fowler,Sandy McLeod,,,3,Global Commons,,,
The Fear of Looking Weak in International Politics,/news/fear-looking-weak-international-politics,YES,COMMENT,3262014,3,26,2014,David Eisler,,,,,Produced for Digital,David Eisler,,,,2,Global Commons,,,
The Empowerment of Women in South Korea,/news/empowerment-women-south-korea,YES,ARGUMENT,3112014,3,11,2014,Archie Resos,,,,,Produced for Digital,Archie Resos,,,,2,Asia,East Asia,,
Congo: No Peace Without Women,/news/congo-no-peace-without-women,YES,ARGUMENT,3042014,3,4,2014,Denis Mukwege,,,,,Adapted from Print Issue,Denis Mukwege,,,,2,Africa,Central Africa,,
The Roles of the Mother and the Child in Rural Ghana,/news/roles-mother-and-child-rural-ghana,YES,COMMENT,3042014,3,4,2014,Andrés Lizcano Rodriguez,,,,,Produced for Digital,Andrés Lizcano Rodriguez,,,,2,Africa,West Africa,,
"Ethnic Diversity, Gender, and National Leaders",/news/ethnic-diversity-gender-and-national-leaders,YES,ESSAY,2282014,2,28,2014,Katherine W. Phillips,Nicholas A. Pearce,Susan E. Perkins,,,Adapted from Print Issue,Katherine W. Phillips,Nicholas A. Pearce,Susan E. Perkins,,4,Global Commons,,,
A Few Good (Wo)men: Gender Inclusion in the United States Military,/news/few-good-women-gender-inclusion-united-states-military,YES,ESSAY,11192013,11,19,2013,Jennifer L. Barry,,,,,Produced for Digital,Jennifer L. Barry,,,,2,Global Commons,Americas,North America,
If I Were To Choose Between Being Born a Girl in India or China...,/news/if-i-were-choose-between-being-born-girl-india-or-china,YES,ARGUMENT,11122013,11,12,2013,Lena Edlund,,,,,Produced for Digital,Lena Edlund,,,,2,Asia,South Asia,North Asia,
Is the Arab Spring Coming to China? The Missing Piece of the Puzzle,/news/arab-spring-coming-china-missing-piece-puzzle,YES,ESSAY,11052013,11,5,2013,Ying Chen,,,,,Produced for Digital,Ying Chen,,,,2,Middle East,Asia,North Asia,
Organized Crime in Mexico and the United States: Fighting two problems,/news/organized-crime-mexico-and-united-states-fighting-two-problems,YES,ESSAY,10292013,10,29,2013,Eugenio Weigend Vargas,Silvia Villarreal Gonzalez,,,,Produced for Digital,Eugenio Weigend Vargas,Silvia Villarreal Gonzalez,,,3,Americas,North America,,
The True Costs of Australia's Election,/news/true-costs-australias-election,YES,COMMENT,10222013,10,22,2013,Benjamin Dean,,,,,Produced for Digital,Benjamin Dean,,,,2,Oceania,,,
Sanctions as Stimulus for Bilateral Trade Between China and Belarus,/news/sanctions-stimulus-bilateral-trade-between-china-and-belarus,YES,ARGUMENT,10152013,10,15,2013,J.A. Sheppard,,,,,Produced for Digital,J.A. Sheppard,,,,2,Asia,North Asia,Europe,Eastern Europe
Cyberspace and the Rise of the BRICS,/news/cyberspace-and-rise-brics,YES,ARGUMENT,10122013,10,12,2013,Hannes Ebert,Tim Maurer,,,,Produced for Digital,Hannes Ebert,Tim Maurer,,,3,Global Commons,,,
Exploring the Status of Syrian Refugees in Lebanon,/news/exploring-status-syrian-refugees-lebanon,YES,ARGUMENT,10012013,10,1,2013,Mary Ann Perkins,Tuesday Reitano,,,,Produced for Digital,Mary Ann Perkins,Tuesday Reitano,,,3,Middle East,,,
The Great Debate: Mining in Latin America,/news/great-debate-mining-latin-america,YES,ARGUMENT,4262013,4,26,2013,Andrés Lizcano Rodriguez,Ariel Stulberg,Doyeun Kim,"Fernando Peinado, Krisztian Simon, Max Marder",,Produced for Digital,Andrés Lizcano Rodriguez,Ariel Stulberg,Doyeun Kim,"Fernando Peinado, Krisztian Simon, Max Marder",5,Americas,South America,Central America,
"Democratic Dividends: Globalization, Liberation, and Economic Revolution in Brazil",/news/democratic-dividends-globalization-liberation-and-economic-revolution-brazil,YES,COMMENT,4172013,4,17,2013,Lee Catherine Booker,,,,,Produced for Digital,Lee Catherine Booker,,,,2,Americas,South America,,
A Tale of Two Continents,/news/tale-two-continents,YES,COMMENT,4172013,4,17,2013,Devi Nampiaparampil,Hal Weitzman,,,,Adapted from Print Issue,Devi Nampiaparampil,Hal Weitzman,,,3,Americas,North America,South America,
"Reforming, Fast and Slow",/news/reforming-fast-and-slow,YES,ARGUMENT,4172013,4,17,2013,Madeline K. B. Ross,,,,,Adapted from Print Issue,Madeline K. B. Ross,,,,2,Global Commons,,,
The Great Debate: Will Mexico Assume Clear Leadership in Latin America?,/news/great-debate-will-mexico-assume-clear-leadership-latin-america,YES,ARGUMENT,4042013,4,4,2013,Andrés Lizcano Rodriguez,Ariel Stulberg,Fernando Peinado,"Héctor Trujillo., Krisztian Simon, Max Marder",,Produced for Digital,Andrés Lizcano Rodriguez,Ariel Stulberg,Fernando Peinado,"Héctor Trujillo., Krisztian Simon, Max Marder",5,Americas,South America,,
Legacy of the Arab Spring: The Question of Independence and Sovereignty,/news/legacy-arab-spring-question-independence-and-sovereignty,YES,ARGUMENT,5292012,5,29,2012,H. Akin Unver,,,,,Produced for Digital,H. Akin Unver,,,,2,Middle East,,,
